packet_id,system_key,system_name,packet_section,packet_item,packet_status,packet_score,source_register,source_route,evidence_type,required_for_packet,packet_note,not_allowed_content,last_checked,packet_hash
ST-PACKET-A85CC0FF2AF2,azure-blob,Azure Blob Storage,01 Result Summary,POC Results Summary,YELLOW,60,sterile_compounding_poc_results_summary.csv,/sterile-compounding/poc-results-summary/azure-blob,Summary Register,YES,Azure Blob Storage: status=YELLOW; score=60; tests=6; P0=4; GREEN tests=3; YELLOW tests=3; RED tests=0; required evidence=23; evidence gaps=12; P0 blockers=0.,No production API calls; no credentials; no source-system writeback; no PHI/PII/secrets; no protected-module patch; no production automation.,2026-05-12 23:01:46 UTC,adf3b2fc7c0b5a2b274751a2575bd571a94c96c2cb8f4f93c17ae38b9d884e33
ST-PACKET-6691A49E49B3,azure-blob,Azure Blob Storage,02 Execution Ledger,POC Test Execution Ledger,GREEN,70,sterile_compounding_poc_test_execution.csv,/sterile-compounding/poc-test-execution?system=azure-blob,Execution Register,YES,"Contains manual non-production test execution readiness, pass/fail criteria, and execution decisions.",No production API calls; no credentials; no source-system writeback; no PHI/PII/secrets; no protected-module patch; no production automation.,2026-05-12 23:01:46 UTC,c148400f3c89147a1f4395bd37180d6a3b6e0aa1b0d93bd59b6ae15d27e3eb5b
ST-PACKET-F4AB7CC2D48B,azure-blob,Azure Blob Storage,03 Evidence Checklist,POC Evidence Checklist,YELLOW,4,sterile_compounding_poc_evidence_checklist.csv,/sterile-compounding/poc-evidence-checklist?system=azure-blob,Evidence Checklist,YES,"Contains screenshots, CSV exports, boundary confirmations, and system-specific evidence expectations.",No production API calls; no credentials; no source-system writeback; no PHI/PII/secrets; no protected-module patch; no production automation.,2026-05-12 23:01:46 UTC,32346a223d3cc86a30062d174094d10bfb3cc90404bfad3368562962eea2c42c
ST-PACKET-90E402D2965D,azure-blob,Azure Blob Storage,04 Non-Production Boundary,Boundary and Not-Allowed Statement,GREEN,100,sterile_compounding_nonprod_poc_plan.csv,/sterile-compounding/nonprod-poc-plan/azure-blob,Governance Statement,YES,"Confirms mock/non-production-only boundary and prohibits production connection, credentials, writeback, and protected-module changes.",No production API calls; no credentials; no source-system writeback; no PHI/PII/secrets; no protected-module patch; no production automation.,2026-05-12 23:01:46 UTC,7503907012f8b6d9021adb38f2b46a2214aef19fe87a41431a7ea00aa235abd2
ST-PACKET-6CB6FD95120C,azure-blob,Azure Blob Storage,05 Approval Trace,Connector Approval and Decision Trace,YELLOW,70,sterile_compounding_connector_approval_board.csv,/sterile-compounding/connector-approval-board/azure-blob,Approval Planning Record,YES,"Shows approval readiness, implementation position, and not-allowed actions before any real connector work.",No production API calls; no credentials; no source-system writeback; no PHI/PII/secrets; no protected-module patch; no production automation.,2026-05-12 23:01:46 UTC,295562d6921e884d96649bea2d5f5308947d17238dfc08a2eefa02a40d06cacb
ST-PACKET-42770DDD0A09,azure-blob,Azure Blob Storage,06 Evidence Item Detail,Route Screenshot,GREEN,90,sterile_compounding_poc_evidence_checklist.csv,/sterile-compounding/nonprod-poc-plan/azure-blob,Screenshot,YES,Capture screenshot of the sterile planning route that supports the test.,"No production PHI/PII, secrets, tokens, credentials, or source-system admin screens.",2026-05-12 23:01:46 UTC,e5b1a75ac56c6185e28c5c500f2b033b9a005a4a19a7de636db620a345d5e252
ST-PACKET-038DD530E009,azure-blob,Azure Blob Storage,06 Evidence Item Detail,CSV Export,GREEN,90,sterile_compounding_poc_evidence_checklist.csv,/sterile-compounding/nonprod-poc-plan/azure-blob,CSV,YES,Export the relevant sterile register used by the test.,No uncontrolled export from enterprise source systems.,2026-05-12 23:01:46 UTC,5e3cea680a0a114984e971c3806e70c91caa96dfaa308b928d28a53dcd83b302
ST-PACKET-014AE111EB7B,azure-blob,Azure Blob Storage,06 Evidence Item Detail,Boundary Confirmation,GREEN,90,sterile_compounding_poc_evidence_checklist.csv,/sterile-compounding/nonprod-poc-plan,Governance Note,YES,"Confirm that no API call, credential, production data, or writeback was used.",No real connector activation.,2026-05-12 23:01:46 UTC,f99b83aa10901e55c8f38cb044a4a666bf4b66b19f9c9fda244ed5e8862a26e4
ST-PACKET-42770DDD0A09,azure-blob,Azure Blob Storage,06 Evidence Item Detail,Route Screenshot,GREEN,90,sterile_compounding_poc_evidence_checklist.csv,/sterile-compounding/data-contracts/azure-blob,Screenshot,YES,Capture screenshot of the sterile planning route that supports the test.,"No production PHI/PII, secrets, tokens, credentials, or source-system admin screens.",2026-05-12 23:01:46 UTC,cd68a1871d6ffff3db5b4f4ced02cb0d7a81b4b5f4b8034d7ce8ee677a4e0fae
ST-PACKET-038DD530E009,azure-blob,Azure Blob Storage,06 Evidence Item Detail,CSV Export,GREEN,90,sterile_compounding_poc_evidence_checklist.csv,/sterile-compounding/data-contracts/azure-blob,CSV,YES,Export the relevant sterile register used by the test.,No uncontrolled export from enterprise source systems.,2026-05-12 23:01:46 UTC,d72f41ede0e871ba01dd2901002fcb4bc7c8aecce2a0cedc8b48e6204e9de772
ST-PACKET-014AE111EB7B,azure-blob,Azure Blob Storage,06 Evidence Item Detail,Boundary Confirmation,GREEN,90,sterile_compounding_poc_evidence_checklist.csv,/sterile-compounding/nonprod-poc-plan,Governance Note,YES,"Confirm that no API call, credential, production data, or writeback was used.",No real connector activation.,2026-05-12 23:01:46 UTC,f99b83aa10901e55c8f38cb044a4a666bf4b66b19f9c9fda244ed5e8862a26e4
ST-PACKET-3007C43575FE,azure-blob,Azure Blob Storage,06 Evidence Item Detail,Data Contract Evidence,GREEN,90,sterile_compounding_poc_evidence_checklist.csv,/sterile-compounding/data-contracts/azure-blob,Register Export,YES,Export or screenshot the data contract and field mapping pages for this system.,No live data pull.,2026-05-12 23:01:46 UTC,2bf5d2e632c344d3b1236a7ed985bd07bb35a841b4872b6c7213e3e7832f11bc
ST-PACKET-42770DDD0A09,azure-blob,Azure Blob Storage,06 Evidence Item Detail,Route Screenshot,GREEN,90,sterile_compounding_poc_evidence_checklist.csv,/sterile-compounding/mock-ingestion-lab/azure-blob,Screenshot,YES,Capture screenshot of the sterile planning route that supports the test.,"No production PHI/PII, secrets, tokens, credentials, or source-system admin screens.",2026-05-12 23:01:46 UTC,2996be8421930919b4d052c6c88433a1ce7580dbe1cfb9be3e679a0e8cd2ce64
ST-PACKET-038DD530E009,azure-blob,Azure Blob Storage,06 Evidence Item Detail,CSV Export,GREEN,90,sterile_compounding_poc_evidence_checklist.csv,/sterile-compounding/mock-ingestion-lab/azure-blob,CSV,YES,Export the relevant sterile register used by the test.,No uncontrolled export from enterprise source systems.,2026-05-12 23:01:46 UTC,528f9d88044fb51e3237abe04559ef37caad3756582997fcc2ebb04c27f68437
ST-PACKET-014AE111EB7B,azure-blob,Azure Blob Storage,06 Evidence Item Detail,Boundary Confirmation,GREEN,90,sterile_compounding_poc_evidence_checklist.csv,/sterile-compounding/nonprod-poc-plan,Governance Note,YES,"Confirm that no API call, credential, production data, or writeback was used.",No real connector activation.,2026-05-12 23:01:46 UTC,f99b83aa10901e55c8f38cb044a4a666bf4b66b19f9c9fda244ed5e8862a26e4
ST-PACKET-1497F65DD2E8,azure-blob,Azure Blob Storage,06 Evidence Item Detail,Mock Payload Evidence,GREEN,90,sterile_compounding_poc_evidence_checklist.csv,/sterile-compounding/mock-ingestion-lab/azure-blob,Mock Register,YES,Capture mock ingestion payload shape and quality gate for this system.,No external API request.,2026-05-12 23:01:46 UTC,c12e7360b729976eec3c5088d798e76c1a5d7dbd2582cf81891a7bca7379fd08
ST-PACKET-42770DDD0A09,azure-blob,Azure Blob Storage,06 Evidence Item Detail,Route Screenshot,YELLOW,60,sterile_compounding_poc_evidence_checklist.csv,/sterile-compounding/connector-approval-board/azure-blob,Screenshot,YES,Capture screenshot of the sterile planning route that supports the test.,"No production PHI/PII, secrets, tokens, credentials, or source-system admin screens.",2026-05-12 23:01:46 UTC,e172b620a63fc929923adc157368625f48563ac03ab0280be1d72b379aaf54a5
ST-PACKET-038DD530E009,azure-blob,Azure Blob Storage,06 Evidence Item Detail,CSV Export,YELLOW,60,sterile_compounding_poc_evidence_checklist.csv,/sterile-compounding/connector-approval-board/azure-blob,CSV,YES,Export the relevant sterile register used by the test.,No uncontrolled export from enterprise source systems.,2026-05-12 23:01:46 UTC,18705db61ecb0b9aaf3de1e0f4010106756adb1e68ca9ebe99cb571b12a794db
ST-PACKET-014AE111EB7B,azure-blob,Azure Blob Storage,06 Evidence Item Detail,Boundary Confirmation,YELLOW,60,sterile_compounding_poc_evidence_checklist.csv,/sterile-compounding/nonprod-poc-plan,Governance Note,YES,"Confirm that no API call, credential, production data, or writeback was used.",No real connector activation.,2026-05-12 23:01:46 UTC,cf974ef284945707bb91ba2a0b6eb124a1ffd63212192ec3462e028d13dea419
ST-PACKET-798DB523B35A,azure-blob,Azure Blob Storage,06 Evidence Item Detail,Approval Board Evidence,YELLOW,60,sterile_compounding_poc_evidence_checklist.csv,/sterile-compounding/connector-approval-board/azure-blob,Approval Register,YES,Capture connector approval board row for this system.,Do not treat this as formal enterprise approval.,2026-05-12 23:01:46 UTC,6602122ae37ff00d4d14ed15155022a8ab345c0a488228d528c6fa179a538dd0
ST-PACKET-42770DDD0A09,azure-blob,Azure Blob Storage,06 Evidence Item Detail,Route Screenshot,YELLOW,60,sterile_compounding_poc_evidence_checklist.csv,/sterile-compounding/pre-integration-risk?system=azure-blob,Screenshot,YES,Capture screenshot of the sterile planning route that supports the test.,"No production PHI/PII, secrets, tokens, credentials, or source-system admin screens.",2026-05-12 23:01:46 UTC,91fb54a69df7744b70d88a8a746f70290b9f8571fe98eb47cbdd016f77486002
ST-PACKET-038DD530E009,azure-blob,Azure Blob Storage,06 Evidence Item Detail,CSV Export,YELLOW,60,sterile_compounding_poc_evidence_checklist.csv,/sterile-compounding/pre-integration-risk?system=azure-blob,CSV,YES,Export the relevant sterile register used by the test.,No uncontrolled export from enterprise source systems.,2026-05-12 23:01:46 UTC,b83042811f796a0823a2a86cc10d0b6a057fe168c70069891f8ad6a398658ab0
ST-PACKET-014AE111EB7B,azure-blob,Azure Blob Storage,06 Evidence Item Detail,Boundary Confirmation,YELLOW,60,sterile_compounding_poc_evidence_checklist.csv,/sterile-compounding/nonprod-poc-plan,Governance Note,YES,"Confirm that no API call, credential, production data, or writeback was used.",No real connector activation.,2026-05-12 23:01:46 UTC,cf974ef284945707bb91ba2a0b6eb124a1ffd63212192ec3462e028d13dea419
ST-PACKET-705B838475D7,azure-blob,Azure Blob Storage,06 Evidence Item Detail,Failure Mode Evidence,YELLOW,60,sterile_compounding_poc_evidence_checklist.csv,/sterile-compounding/pre-integration-risk?system=azure-blob,Risk Register,YES,Capture pre-integration risk register and false-GREEN prevention rule.,No silent pass when evidence is missing.,2026-05-12 23:01:46 UTC,6899b9aaed8b7f6d0ab675295444e5b0632c03fcebd3bc9be0e385678aa52b54
ST-PACKET-42770DDD0A09,azure-blob,Azure Blob Storage,06 Evidence Item Detail,Route Screenshot,YELLOW,60,sterile_compounding_poc_evidence_checklist.csv,/sterile-compounding/nonprod-poc-plan/azure-blob,Screenshot,YES,Capture screenshot of the sterile planning route that supports the test.,"No production PHI/PII, secrets, tokens, credentials, or source-system admin screens.",2026-05-12 23:01:46 UTC,293ce10b8c38fb60229e2927057b8ea5a33e5ae680b43fb4dfcfd19c3c41ee37
ST-PACKET-038DD530E009,azure-blob,Azure Blob Storage,06 Evidence Item Detail,CSV Export,YELLOW,60,sterile_compounding_poc_evidence_checklist.csv,/sterile-compounding/nonprod-poc-plan/azure-blob,CSV,YES,Export the relevant sterile register used by the test.,No uncontrolled export from enterprise source systems.,2026-05-12 23:01:46 UTC,8466874f3eb00bdb1034a4a3065a1d5cf13695fd95386b2119c4349a2aecd91f
ST-PACKET-014AE111EB7B,azure-blob,Azure Blob Storage,06 Evidence Item Detail,Boundary Confirmation,YELLOW,60,sterile_compounding_poc_evidence_checklist.csv,/sterile-compounding/nonprod-poc-plan,Governance Note,YES,"Confirm that no API call, credential, production data, or writeback was used.",No real connector activation.,2026-05-12 23:01:46 UTC,cf974ef284945707bb91ba2a0b6eb124a1ffd63212192ec3462e028d13dea419
ST-PACKET-8DE1FE952277,azure-blob,Azure Blob Storage,06 Evidence Item Detail,Evidence Package Summary,YELLOW,60,sterile_compounding_poc_evidence_checklist.csv,/sterile-compounding/poc-evidence-checklist,Checklist,YES,Confirm all required evidence items are present for this test case.,No evidence package built from production extracts unless separately approved.,2026-05-12 23:01:46 UTC,e9a1eeed144ba8a0263b8884214e1d686e6c57f56caf56890863720dd5ef345d
ST-PACKET-4E000AFE4546,azure-confidential-ledger,Azure Confidential Ledger,01 Result Summary,POC Results Summary,YELLOW,38,sterile_compounding_poc_results_summary.csv,/sterile-compounding/poc-results-summary/azure-confidential-ledger,Summary Register,YES,Azure Confidential Ledger: status=YELLOW; score=38; tests=6; P0=4; GREEN tests=1; YELLOW tests=5; RED tests=0; required evidence=23; evidence gaps=20; P0 blockers=0.,No production API calls; no credentials; no source-system writeback; no PHI/PII/secrets; no protected-module patch; no production automation.,2026-05-12 23:01:46 UTC,c0f5f156afa36d7a9f49759de8b918d3e953d0fd52c31228d34fabf99f0914d9
ST-PACKET-A76DE89BCD20,azure-confidential-ledger,Azure Confidential Ledger,02 Execution Ledger,POC Test Execution Ledger,GREEN,50,sterile_compounding_poc_test_execution.csv,/sterile-compounding/poc-test-execution?system=azure-confidential-ledger,Execution Register,YES,"Contains manual non-production test execution readiness, pass/fail criteria, and execution decisions.",No production API calls; no credentials; no source-system writeback; no PHI/PII/secrets; no protected-module patch; no production automation.,2026-05-12 23:01:46 UTC,f216db04c6d6c9ad3a8052fcecee9ac9146d4c0388308b8e0a9590d298427398
ST-PACKET-5A9EF5A4C074,azure-confidential-ledger,Azure Confidential Ledger,03 Evidence Checklist,POC Evidence Checklist,YELLOW,0,sterile_compounding_poc_evidence_checklist.csv,/sterile-compounding/poc-evidence-checklist?system=azure-confidential-ledger,Evidence Checklist,YES,"Contains screenshots, CSV exports, boundary confirmations, and system-specific evidence expectations.",No production API calls; no credentials; no source-system writeback; no PHI/PII/secrets; no protected-module patch; no production automation.,2026-05-12 23:01:46 UTC,4b06973812f015817299a05636db9a24d380d903a2c892ec1bdba5aaa5c047c0
ST-PACKET-AD0A311CD430,azure-confidential-ledger,Azure Confidential Ledger,04 Non-Production Boundary,Boundary and Not-Allowed Statement,GREEN,100,sterile_compounding_nonprod_poc_plan.csv,/sterile-compounding/nonprod-poc-plan/azure-confidential-ledger,Governance Statement,YES,"Confirms mock/non-production-only boundary and prohibits production connection, credentials, writeback, and protected-module changes.",No production API calls; no credentials; no source-system writeback; no PHI/PII/secrets; no protected-module patch; no production automation.,2026-05-12 23:01:46 UTC,e892c2b88e5f202d2135046dde67ef1244cff304bc412a5ae2afbd56579926a2
ST-PACKET-0007261A1726,azure-confidential-ledger,Azure Confidential Ledger,05 Approval Trace,Connector Approval and Decision Trace,YELLOW,70,sterile_compounding_connector_approval_board.csv,/sterile-compounding/connector-approval-board/azure-confidential-ledger,Approval Planning Record,YES,"Shows approval readiness, implementation position, and not-allowed actions before any real connector work.",No production API calls; no credentials; no source-system writeback; no PHI/PII/secrets; no protected-module patch; no production automation.,2026-05-12 23:01:46 UTC,f420bc020c4dfc28852d43b7420c6e3ae1e57a05c69ee34873df0ad62928f286
ST-PACKET-3C8B32222A33,azure-confidential-ledger,Azure Confidential Ledger,06 Evidence Item Detail,Route Screenshot,GREEN,90,sterile_compounding_poc_evidence_checklist.csv,/sterile-compounding/nonprod-poc-plan/azure-confidential-ledger,Screenshot,YES,Capture screenshot of the sterile planning route that supports the test.,"No production PHI/PII, secrets, tokens, credentials, or source-system admin screens.",2026-05-12 23:01:46 UTC,6ec2b739b7099e549894f5a4f96b772f3cd17ff5eba100a72a4afd7da590eecb
ST-PACKET-E82654197D1F,azure-confidential-ledger,Azure Confidential Ledger,06 Evidence Item Detail,CSV Export,GREEN,90,sterile_compounding_poc_evidence_checklist.csv,/sterile-compounding/nonprod-poc-plan/azure-confidential-ledger,CSV,YES,Export the relevant sterile register used by the test.,No uncontrolled export from enterprise source systems.,2026-05-12 23:01:46 UTC,caff862555f13a386fd22e0d8af73872ffc419fb335cecac083a1170daac0247
ST-PACKET-E479BC3FF562,azure-confidential-ledger,Azure Confidential Ledger,06 Evidence Item Detail,Boundary Confirmation,GREEN,90,sterile_compounding_poc_evidence_checklist.csv,/sterile-compounding/nonprod-poc-plan,Governance Note,YES,"Confirm that no API call, credential, production data, or writeback was used.",No real connector activation.,2026-05-12 23:01:46 UTC,0cb436cbba05902acbc5ead0658f77ca4262f3f4d7e6686abbbaff2a9e058206
ST-PACKET-3C8B32222A33,azure-confidential-ledger,Azure Confidential Ledger,06 Evidence Item Detail,Route Screenshot,YELLOW,60,sterile_compounding_poc_evidence_checklist.csv,/sterile-compounding/data-contracts/azure-confidential-ledger,Screenshot,YES,Capture screenshot of the sterile planning route that supports the test.,"No production PHI/PII, secrets, tokens, credentials, or source-system admin screens.",2026-05-12 23:01:46 UTC,a74d86b017a707c5f13927b720e682308ee7bc48bcb53741b8926e6f7da3e7d4
ST-PACKET-E82654197D1F,azure-confidential-ledger,Azure Confidential Ledger,06 Evidence Item Detail,CSV Export,YELLOW,60,sterile_compounding_poc_evidence_checklist.csv,/sterile-compounding/data-contracts/azure-confidential-ledger,CSV,YES,Export the relevant sterile register used by the test.,No uncontrolled export from enterprise source systems.,2026-05-12 23:01:46 UTC,71ca6fde454bbdd3e5760bb2dd0b5c58932a7e04003838d16c78af1d31d1af51
ST-PACKET-E479BC3FF562,azure-confidential-ledger,Azure Confidential Ledger,06 Evidence Item Detail,Boundary Confirmation,YELLOW,60,sterile_compounding_poc_evidence_checklist.csv,/sterile-compounding/nonprod-poc-plan,Governance Note,YES,"Confirm that no API call, credential, production data, or writeback was used.",No real connector activation.,2026-05-12 23:01:46 UTC,6cc99a690bc8bed24ccfe3f10a2f159025b7ac89597e3f4e00770bf2116cfff3
ST-PACKET-CC5691759205,azure-confidential-ledger,Azure Confidential Ledger,06 Evidence Item Detail,Data Contract Evidence,YELLOW,60,sterile_compounding_poc_evidence_checklist.csv,/sterile-compounding/data-contracts/azure-confidential-ledger,Register Export,YES,Export or screenshot the data contract and field mapping pages for this system.,No live data pull.,2026-05-12 23:01:46 UTC,dbfea3753b610d1af36874a0e782fb59fa0b07e8d1b5bd7f43138691af518c77
ST-PACKET-3C8B32222A33,azure-confidential-ledger,Azure Confidential Ledger,06 Evidence Item Detail,Route Screenshot,YELLOW,60,sterile_compounding_poc_evidence_checklist.csv,/sterile-compounding/mock-ingestion-lab/azure-confidential-ledger,Screenshot,YES,Capture screenshot of the sterile planning route that supports the test.,"No production PHI/PII, secrets, tokens, credentials, or source-system admin screens.",2026-05-12 23:01:46 UTC,2488d3ab01b133b99aa27e1c8ba99a81d81de2ab6e167f761d3e6b458bcec5b4
ST-PACKET-E82654197D1F,azure-confidential-ledger,Azure Confidential Ledger,06 Evidence Item Detail,CSV Export,YELLOW,60,sterile_compounding_poc_evidence_checklist.csv,/sterile-compounding/mock-ingestion-lab/azure-confidential-ledger,CSV,YES,Export the relevant sterile register used by the test.,No uncontrolled export from enterprise source systems.,2026-05-12 23:01:46 UTC,545d6d7c0f7faa4fd0543c26b060a46dafc9dc36df4107653f185799832da423
ST-PACKET-E479BC3FF562,azure-confidential-ledger,Azure Confidential Ledger,06 Evidence Item Detail,Boundary Confirmation,YELLOW,60,sterile_compounding_poc_evidence_checklist.csv,/sterile-compounding/nonprod-poc-plan,Governance Note,YES,"Confirm that no API call, credential, production data, or writeback was used.",No real connector activation.,2026-05-12 23:01:46 UTC,6cc99a690bc8bed24ccfe3f10a2f159025b7ac89597e3f4e00770bf2116cfff3
ST-PACKET-F3ABF307BCCC,azure-confidential-ledger,Azure Confidential Ledger,06 Evidence Item Detail,Mock Payload Evidence,YELLOW,60,sterile_compounding_poc_evidence_checklist.csv,/sterile-compounding/mock-ingestion-lab/azure-confidential-ledger,Mock Register,YES,Capture mock ingestion payload shape and quality gate for this system.,No external API request.,2026-05-12 23:01:46 UTC,5f844b6a2adc6eb25ed9ca2ad27d26122ab1c4d4a5548df2c432d8548eaf10cf
ST-PACKET-3C8B32222A33,azure-confidential-ledger,Azure Confidential Ledger,06 Evidence Item Detail,Route Screenshot,YELLOW,60,sterile_compounding_poc_evidence_checklist.csv,/sterile-compounding/connector-approval-board/azure-confidential-ledger,Screenshot,YES,Capture screenshot of the sterile planning route that supports the test.,"No production PHI/PII, secrets, tokens, credentials, or source-system admin screens.",2026-05-12 23:01:46 UTC,215c7aa3c5fff583c9f0a0abfa611d49843183087b672b2364c8342a79e89549
ST-PACKET-E82654197D1F,azure-confidential-ledger,Azure Confidential Ledger,06 Evidence Item Detail,CSV Export,YELLOW,60,sterile_compounding_poc_evidence_checklist.csv,/sterile-compounding/connector-approval-board/azure-confidential-ledger,CSV,YES,Export the relevant sterile register used by the test.,No uncontrolled export from enterprise source systems.,2026-05-12 23:01:46 UTC,aeb9763b9a19db8e859881704987b486fb4e7728d72326cfad949f2a7a59f263
ST-PACKET-E479BC3FF562,azure-confidential-ledger,Azure Confidential Ledger,06 Evidence Item Detail,Boundary Confirmation,YELLOW,60,sterile_compounding_poc_evidence_checklist.csv,/sterile-compounding/nonprod-poc-plan,Governance Note,YES,"Confirm that no API call, credential, production data, or writeback was used.",No real connector activation.,2026-05-12 23:01:46 UTC,6cc99a690bc8bed24ccfe3f10a2f159025b7ac89597e3f4e00770bf2116cfff3
ST-PACKET-DB7B1C746CA9,azure-confidential-ledger,Azure Confidential Ledger,06 Evidence Item Detail,Approval Board Evidence,YELLOW,60,sterile_compounding_poc_evidence_checklist.csv,/sterile-compounding/connector-approval-board/azure-confidential-ledger,Approval Register,YES,Capture connector approval board row for this system.,Do not treat this as formal enterprise approval.,2026-05-12 23:01:46 UTC,44138c2fc1be5c3f50d78d799cf836421d7abe71aaf1e40ded51397fa81d0329
ST-PACKET-3C8B32222A33,azure-confidential-ledger,Azure Confidential Ledger,06 Evidence Item Detail,Route Screenshot,YELLOW,60,sterile_compounding_poc_evidence_checklist.csv,/sterile-compounding/pre-integration-risk?system=azure-confidential-ledger,Screenshot,YES,Capture screenshot of the sterile planning route that supports the test.,"No production PHI/PII, secrets, tokens, credentials, or source-system admin screens.",2026-05-12 23:01:46 UTC,77227643fb6f7cf9ffa5f9ed27e6b881e16b1fcd01ca6972647a7e3af3c08ed7
ST-PACKET-E82654197D1F,azure-confidential-ledger,Azure Confidential Ledger,06 Evidence Item Detail,CSV Export,YELLOW,60,sterile_compounding_poc_evidence_checklist.csv,/sterile-compounding/pre-integration-risk?system=azure-confidential-ledger,CSV,YES,Export the relevant sterile register used by the test.,No uncontrolled export from enterprise source systems.,2026-05-12 23:01:46 UTC,09e81a2994f50c92968cba0c99c090cc5270b949d8ff114b0e4662e7b7425b64
ST-PACKET-E479BC3FF562,azure-confidential-ledger,Azure Confidential Ledger,06 Evidence Item Detail,Boundary Confirmation,YELLOW,60,sterile_compounding_poc_evidence_checklist.csv,/sterile-compounding/nonprod-poc-plan,Governance Note,YES,"Confirm that no API call, credential, production data, or writeback was used.",No real connector activation.,2026-05-12 23:01:46 UTC,6cc99a690bc8bed24ccfe3f10a2f159025b7ac89597e3f4e00770bf2116cfff3
ST-PACKET-4EFF7D382636,azure-confidential-ledger,Azure Confidential Ledger,06 Evidence Item Detail,Failure Mode Evidence,YELLOW,60,sterile_compounding_poc_evidence_checklist.csv,/sterile-compounding/pre-integration-risk?system=azure-confidential-ledger,Risk Register,YES,Capture pre-integration risk register and false-GREEN prevention rule.,No silent pass when evidence is missing.,2026-05-12 23:01:46 UTC,9159c8af8f65ede9ce3eca0c28610cef2c149232972c82349aa530a9c0f4c649
ST-PACKET-3C8B32222A33,azure-confidential-ledger,Azure Confidential Ledger,06 Evidence Item Detail,Route Screenshot,YELLOW,60,sterile_compounding_poc_evidence_checklist.csv,/sterile-compounding/nonprod-poc-plan/azure-confidential-ledger,Screenshot,YES,Capture screenshot of the sterile planning route that supports the test.,"No production PHI/PII, secrets, tokens, credentials, or source-system admin screens.",2026-05-12 23:01:46 UTC,dc83b70d1f961a10bda8dc9019ec85b3eecd1ed4632b3045e33008eba13736f8
ST-PACKET-E82654197D1F,azure-confidential-ledger,Azure Confidential Ledger,06 Evidence Item Detail,CSV Export,YELLOW,60,sterile_compounding_poc_evidence_checklist.csv,/sterile-compounding/nonprod-poc-plan/azure-confidential-ledger,CSV,YES,Export the relevant sterile register used by the test.,No uncontrolled export from enterprise source systems.,2026-05-12 23:01:46 UTC,6b539efc93017277617b0c7d5634085776f9eaa39cf87d4368c93961a4676f30
ST-PACKET-E479BC3FF562,azure-confidential-ledger,Azure Confidential Ledger,06 Evidence Item Detail,Boundary Confirmation,YELLOW,60,sterile_compounding_poc_evidence_checklist.csv,/sterile-compounding/nonprod-poc-plan,Governance Note,YES,"Confirm that no API call, credential, production data, or writeback was used.",No real connector activation.,2026-05-12 23:01:46 UTC,6cc99a690bc8bed24ccfe3f10a2f159025b7ac89597e3f4e00770bf2116cfff3
ST-PACKET-74CCC49F885F,azure-confidential-ledger,Azure Confidential Ledger,06 Evidence Item Detail,Evidence Package Summary,YELLOW,60,sterile_compounding_poc_evidence_checklist.csv,/sterile-compounding/poc-evidence-checklist,Checklist,YES,Confirm all required evidence items are present for this test case.,No evidence package built from production extracts unless separately approved.,2026-05-12 23:01:46 UTC,372553b670b13a45df2d8bcf2cd45bc0a8698bd9bbb7169c08fc074cd7c2763a
ST-PACKET-151956E11E54,blue-mountain,Blue Mountain RAM,01 Result Summary,POC Results Summary,YELLOW,38,sterile_compounding_poc_results_summary.csv,/sterile-compounding/poc-results-summary/blue-mountain,Summary Register,YES,Blue Mountain RAM: status=YELLOW; score=38; tests=6; P0=4; GREEN tests=1; YELLOW tests=5; RED tests=0; required evidence=23; evidence gaps=20; P0 blockers=0.,No production API calls; no credentials; no source-system writeback; no PHI/PII/secrets; no protected-module patch; no production automation.,2026-05-12 23:01:46 UTC,ba70703f777a80e530c562333e3f50b15a9b09cb2bdfee0c854d3d48a9d0331c
ST-PACKET-9EA89A07D097,blue-mountain,Blue Mountain RAM,02 Execution Ledger,POC Test Execution Ledger,GREEN,50,sterile_compounding_poc_test_execution.csv,/sterile-compounding/poc-test-execution?system=blue-mountain,Execution Register,YES,"Contains manual non-production test execution readiness, pass/fail criteria, and execution decisions.",No production API calls; no credentials; no source-system writeback; no PHI/PII/secrets; no protected-module patch; no production automation.,2026-05-12 23:01:46 UTC,69428c19eff6b826f8a2e807a47bddc78a59697d1e22a1d96d729f864efbea42
ST-PACKET-0699974FD38E,blue-mountain,Blue Mountain RAM,03 Evidence Checklist,POC Evidence Checklist,YELLOW,0,sterile_compounding_poc_evidence_checklist.csv,/sterile-compounding/poc-evidence-checklist?system=blue-mountain,Evidence Checklist,YES,"Contains screenshots, CSV exports, boundary confirmations, and system-specific evidence expectations.",No production API calls; no credentials; no source-system writeback; no PHI/PII/secrets; no protected-module patch; no production automation.,2026-05-12 23:01:46 UTC,07631211d39603e2d0fef80733d47dcf58c81e8f549e5a11ece6751cd1017b36
ST-PACKET-C0D9FE2BABCB,blue-mountain,Blue Mountain RAM,04 Non-Production Boundary,Boundary and Not-Allowed Statement,GREEN,100,sterile_compounding_nonprod_poc_plan.csv,/sterile-compounding/nonprod-poc-plan/blue-mountain,Governance Statement,YES,"Confirms mock/non-production-only boundary and prohibits production connection, credentials, writeback, and protected-module changes.",No production API calls; no credentials; no source-system writeback; no PHI/PII/secrets; no protected-module patch; no production automation.,2026-05-12 23:01:46 UTC,366814a931eaf9bbd9988666de862ac6e8510ab69d9f39eabab540c0a3af2834
ST-PACKET-0624FFA7D7DC,blue-mountain,Blue Mountain RAM,05 Approval Trace,Connector Approval and Decision Trace,YELLOW,70,sterile_compounding_connector_approval_board.csv,/sterile-compounding/connector-approval-board/blue-mountain,Approval Planning Record,YES,"Shows approval readiness, implementation position, and not-allowed actions before any real connector work.",No production API calls; no credentials; no source-system writeback; no PHI/PII/secrets; no protected-module patch; no production automation.,2026-05-12 23:01:46 UTC,ee345c4a21ce1dbec89a8e4d00eae019dda4952caf9e28cf34645543872fd047
ST-PACKET-8E98FC9530FB,blue-mountain,Blue Mountain RAM,06 Evidence Item Detail,Route Screenshot,GREEN,90,sterile_compounding_poc_evidence_checklist.csv,/sterile-compounding/nonprod-poc-plan/blue-mountain,Screenshot,YES,Capture screenshot of the sterile planning route that supports the test.,"No production PHI/PII, secrets, tokens, credentials, or source-system admin screens.",2026-05-12 23:01:46 UTC,d1e867ff1793c06a4de46f4d59a5ba9aed36e3dffd46dacbf4e3f351a44aa937
ST-PACKET-F33E29E9128A,blue-mountain,Blue Mountain RAM,06 Evidence Item Detail,CSV Export,GREEN,90,sterile_compounding_poc_evidence_checklist.csv,/sterile-compounding/nonprod-poc-plan/blue-mountain,CSV,YES,Export the relevant sterile register used by the test.,No uncontrolled export from enterprise source systems.,2026-05-12 23:01:46 UTC,70dbb3214330a2ce052133c69ba612b48456fe6dd0302968c4ba1531e6c69792
ST-PACKET-E5665C8F6AD3,blue-mountain,Blue Mountain RAM,06 Evidence Item Detail,Boundary Confirmation,GREEN,90,sterile_compounding_poc_evidence_checklist.csv,/sterile-compounding/nonprod-poc-plan,Governance Note,YES,"Confirm that no API call, credential, production data, or writeback was used.",No real connector activation.,2026-05-12 23:01:46 UTC,1646b4026c047eef8006b010dc48b3edf7438e9fdffe3adad12258bccad8d84e
ST-PACKET-8E98FC9530FB,blue-mountain,Blue Mountain RAM,06 Evidence Item Detail,Route Screenshot,YELLOW,60,sterile_compounding_poc_evidence_checklist.csv,/sterile-compounding/data-contracts/blue-mountain,Screenshot,YES,Capture screenshot of the sterile planning route that supports the test.,"No production PHI/PII, secrets, tokens, credentials, or source-system admin screens.",2026-05-12 23:01:46 UTC,d3ca76ee8cbc553c9db8ca446f8e0d1960e139af00187a05e7d86459dcf87479
ST-PACKET-F33E29E9128A,blue-mountain,Blue Mountain RAM,06 Evidence Item Detail,CSV Export,YELLOW,60,sterile_compounding_poc_evidence_checklist.csv,/sterile-compounding/data-contracts/blue-mountain,CSV,YES,Export the relevant sterile register used by the test.,No uncontrolled export from enterprise source systems.,2026-05-12 23:01:46 UTC,5c9e532dda7c88462a4c79a1e2415d4e35e683abca50707484e96a4c54fe008b
ST-PACKET-E5665C8F6AD3,blue-mountain,Blue Mountain RAM,06 Evidence Item Detail,Boundary Confirmation,YELLOW,60,sterile_compounding_poc_evidence_checklist.csv,/sterile-compounding/nonprod-poc-plan,Governance Note,YES,"Confirm that no API call, credential, production data, or writeback was used.",No real connector activation.,2026-05-12 23:01:46 UTC,e17991c565121c6f9fecaa868590bbc0babbd1699ae2109eb2a98e85d5046247
ST-PACKET-2585EFB1B281,blue-mountain,Blue Mountain RAM,06 Evidence Item Detail,Data Contract Evidence,YELLOW,60,sterile_compounding_poc_evidence_checklist.csv,/sterile-compounding/data-contracts/blue-mountain,Register Export,YES,Export or screenshot the data contract and field mapping pages for this system.,No live data pull.,2026-05-12 23:01:46 UTC,fbdc127899f55dce048dbea4a59d9923c56371dd82d3b6b7bb4d1f3458eda2d6
ST-PACKET-8E98FC9530FB,blue-mountain,Blue Mountain RAM,06 Evidence Item Detail,Route Screenshot,YELLOW,60,sterile_compounding_poc_evidence_checklist.csv,/sterile-compounding/mock-ingestion-lab/blue-mountain,Screenshot,YES,Capture screenshot of the sterile planning route that supports the test.,"No production PHI/PII, secrets, tokens, credentials, or source-system admin screens.",2026-05-12 23:01:46 UTC,08f162b236f34808bd1cfd8f1efd0bcdd6c6eb6f3034b68ced523d7f71e4dab8
ST-PACKET-F33E29E9128A,blue-mountain,Blue Mountain RAM,06 Evidence Item Detail,CSV Export,YELLOW,60,sterile_compounding_poc_evidence_checklist.csv,/sterile-compounding/mock-ingestion-lab/blue-mountain,CSV,YES,Export the relevant sterile register used by the test.,No uncontrolled export from enterprise source systems.,2026-05-12 23:01:46 UTC,5dc2c298df2b6ddfce550d57cb44037b8e759c54d3a4db411eba176db1f7bebe
ST-PACKET-E5665C8F6AD3,blue-mountain,Blue Mountain RAM,06 Evidence Item Detail,Boundary Confirmation,YELLOW,60,sterile_compounding_poc_evidence_checklist.csv,/sterile-compounding/nonprod-poc-plan,Governance Note,YES,"Confirm that no API call, credential, production data, or writeback was used.",No real connector activation.,2026-05-12 23:01:46 UTC,e17991c565121c6f9fecaa868590bbc0babbd1699ae2109eb2a98e85d5046247
ST-PACKET-52751C5A9697,blue-mountain,Blue Mountain RAM,06 Evidence Item Detail,Mock Payload Evidence,YELLOW,60,sterile_compounding_poc_evidence_checklist.csv,/sterile-compounding/mock-ingestion-lab/blue-mountain,Mock Register,YES,Capture mock ingestion payload shape and quality gate for this system.,No external API request.,2026-05-12 23:01:46 UTC,d3dd93312370b9b8d68ba2821699a6b6f2d1df3c15852289e54b0dc1483e1634
ST-PACKET-8E98FC9530FB,blue-mountain,Blue Mountain RAM,06 Evidence Item Detail,Route Screenshot,YELLOW,60,sterile_compounding_poc_evidence_checklist.csv,/sterile-compounding/connector-approval-board/blue-mountain,Screenshot,YES,Capture screenshot of the sterile planning route that supports the test.,"No production PHI/PII, secrets, tokens, credentials, or source-system admin screens.",2026-05-12 23:01:46 UTC,1155462d300fe72b7d81e4079d4bb88cb2565edc26a255d236db99b4355d1aeb
ST-PACKET-F33E29E9128A,blue-mountain,Blue Mountain RAM,06 Evidence Item Detail,CSV Export,YELLOW,60,sterile_compounding_poc_evidence_checklist.csv,/sterile-compounding/connector-approval-board/blue-mountain,CSV,YES,Export the relevant sterile register used by the test.,No uncontrolled export from enterprise source systems.,2026-05-12 23:01:46 UTC,adec9eb79316c87f4cd9ca28bf6a78e976eabd632f641dc88783f955dd32e127
ST-PACKET-E5665C8F6AD3,blue-mountain,Blue Mountain RAM,06 Evidence Item Detail,Boundary Confirmation,YELLOW,60,sterile_compounding_poc_evidence_checklist.csv,/sterile-compounding/nonprod-poc-plan,Governance Note,YES,"Confirm that no API call, credential, production data, or writeback was used.",No real connector activation.,2026-05-12 23:01:46 UTC,e17991c565121c6f9fecaa868590bbc0babbd1699ae2109eb2a98e85d5046247
ST-PACKET-DEF197A07A8B,blue-mountain,Blue Mountain RAM,06 Evidence Item Detail,Approval Board Evidence,YELLOW,60,sterile_compounding_poc_evidence_checklist.csv,/sterile-compounding/connector-approval-board/blue-mountain,Approval Register,YES,Capture connector approval board row for this system.,Do not treat this as formal enterprise approval.,2026-05-12 23:01:46 UTC,a0820c14f54776e7cf059a42f59016fc8a28aadefef80cbdf735aa13fcf383f2
ST-PACKET-8E98FC9530FB,blue-mountain,Blue Mountain RAM,06 Evidence Item Detail,Route Screenshot,YELLOW,60,sterile_compounding_poc_evidence_checklist.csv,/sterile-compounding/pre-integration-risk?system=blue-mountain,Screenshot,YES,Capture screenshot of the sterile planning route that supports the test.,"No production PHI/PII, secrets, tokens, credentials, or source-system admin screens.",2026-05-12 23:01:46 UTC,f2b84c7c34fd81137eabb674b5b77c41fc62464c21b255c15e389156de0ea1e7
ST-PACKET-F33E29E9128A,blue-mountain,Blue Mountain RAM,06 Evidence Item Detail,CSV Export,YELLOW,60,sterile_compounding_poc_evidence_checklist.csv,/sterile-compounding/pre-integration-risk?system=blue-mountain,CSV,YES,Export the relevant sterile register used by the test.,No uncontrolled export from enterprise source systems.,2026-05-12 23:01:46 UTC,07a1fe552061dd5ee3aea8bcd9920f4fe154e05b45c8aaf9111bcbbc1f27ad77
ST-PACKET-E5665C8F6AD3,blue-mountain,Blue Mountain RAM,06 Evidence Item Detail,Boundary Confirmation,YELLOW,60,sterile_compounding_poc_evidence_checklist.csv,/sterile-compounding/nonprod-poc-plan,Governance Note,YES,"Confirm that no API call, credential, production data, or writeback was used.",No real connector activation.,2026-05-12 23:01:46 UTC,e17991c565121c6f9fecaa868590bbc0babbd1699ae2109eb2a98e85d5046247
ST-PACKET-401ACEC3D5E6,blue-mountain,Blue Mountain RAM,06 Evidence Item Detail,Failure Mode Evidence,YELLOW,60,sterile_compounding_poc_evidence_checklist.csv,/sterile-compounding/pre-integration-risk?system=blue-mountain,Risk Register,YES,Capture pre-integration risk register and false-GREEN prevention rule.,No silent pass when evidence is missing.,2026-05-12 23:01:46 UTC,c1ae11770e0d3604cb8e11ea50fb1d39b53a2a5165aeab9a67b0f2d1227fbb29
ST-PACKET-8E98FC9530FB,blue-mountain,Blue Mountain RAM,06 Evidence Item Detail,Route Screenshot,YELLOW,60,sterile_compounding_poc_evidence_checklist.csv,/sterile-compounding/nonprod-poc-plan/blue-mountain,Screenshot,YES,Capture screenshot of the sterile planning route that supports the test.,"No production PHI/PII, secrets, tokens, credentials, or source-system admin screens.",2026-05-12 23:01:46 UTC,d78991ce12b9aa89848b3a9348ef0c82d8cfc6ef4e6957b0712574a7c25b333e
ST-PACKET-F33E29E9128A,blue-mountain,Blue Mountain RAM,06 Evidence Item Detail,CSV Export,YELLOW,60,sterile_compounding_poc_evidence_checklist.csv,/sterile-compounding/nonprod-poc-plan/blue-mountain,CSV,YES,Export the relevant sterile register used by the test.,No uncontrolled export from enterprise source systems.,2026-05-12 23:01:46 UTC,19706da1047e4d05c560b19210f82b7596ea0f1579555d7c3b9fee74dbdb1e57
ST-PACKET-E5665C8F6AD3,blue-mountain,Blue Mountain RAM,06 Evidence Item Detail,Boundary Confirmation,YELLOW,60,sterile_compounding_poc_evidence_checklist.csv,/sterile-compounding/nonprod-poc-plan,Governance Note,YES,"Confirm that no API call, credential, production data, or writeback was used.",No real connector activation.,2026-05-12 23:01:46 UTC,e17991c565121c6f9fecaa868590bbc0babbd1699ae2109eb2a98e85d5046247
ST-PACKET-1CE3A3A8CC3D,blue-mountain,Blue Mountain RAM,06 Evidence Item Detail,Evidence Package Summary,YELLOW,60,sterile_compounding_poc_evidence_checklist.csv,/sterile-compounding/poc-evidence-checklist,Checklist,YES,Confirm all required evidence items are present for this test case.,No evidence package built from production extracts unless separately approved.,2026-05-12 23:01:46 UTC,59219f5bdb94cccdf5811f67173da48deb871d2d4168a7c9241c0e66d78a873b
ST-PACKET-EABAB8FBAD74,entra,Microsoft Entra ID,01 Result Summary,POC Results Summary,YELLOW,38,sterile_compounding_poc_results_summary.csv,/sterile-compounding/poc-results-summary/entra,Summary Register,YES,Microsoft Entra ID: status=YELLOW; score=38; tests=6; P0=4; GREEN tests=1; YELLOW tests=5; RED tests=0; required evidence=23; evidence gaps=20; P0 blockers=0.,No production API calls; no credentials; no source-system writeback; no PHI/PII/secrets; no protected-module patch; no production automation.,2026-05-12 23:01:46 UTC,eb562dbf9b08969f28168e17734615b5068ae0b9172b96e8f5b11d628b8385b9
ST-PACKET-85E673C04704,entra,Microsoft Entra ID,02 Execution Ledger,POC Test Execution Ledger,GREEN,50,sterile_compounding_poc_test_execution.csv,/sterile-compounding/poc-test-execution?system=entra,Execution Register,YES,"Contains manual non-production test execution readiness, pass/fail criteria, and execution decisions.",No production API calls; no credentials; no source-system writeback; no PHI/PII/secrets; no protected-module patch; no production automation.,2026-05-12 23:01:46 UTC,a10522ebb59b26aa3c0d5304c7b2b4bde16c98618b54f66f515fe88d75dd69b5
ST-PACKET-892A222600B9,entra,Microsoft Entra ID,03 Evidence Checklist,POC Evidence Checklist,YELLOW,0,sterile_compounding_poc_evidence_checklist.csv,/sterile-compounding/poc-evidence-checklist?system=entra,Evidence Checklist,YES,"Contains screenshots, CSV exports, boundary confirmations, and system-specific evidence expectations.",No production API calls; no credentials; no source-system writeback; no PHI/PII/secrets; no protected-module patch; no production automation.,2026-05-12 23:01:46 UTC,171c5eaaa2cbab2258f2a88cfc7ea44cbdeb18441faae9a9b18d4fef0c6d7381
ST-PACKET-51DFB18188BE,entra,Microsoft Entra ID,04 Non-Production Boundary,Boundary and Not-Allowed Statement,GREEN,100,sterile_compounding_nonprod_poc_plan.csv,/sterile-compounding/nonprod-poc-plan/entra,Governance Statement,YES,"Confirms mock/non-production-only boundary and prohibits production connection, credentials, writeback, and protected-module changes.",No production API calls; no credentials; no source-system writeback; no PHI/PII/secrets; no protected-module patch; no production automation.,2026-05-12 23:01:46 UTC,796e7627e459e938bead70bf924c8ce900cf415dffd2e1203ca545205d5a43d3
ST-PACKET-305C8B41C064,entra,Microsoft Entra ID,05 Approval Trace,Connector Approval and Decision Trace,YELLOW,70,sterile_compounding_connector_approval_board.csv,/sterile-compounding/connector-approval-board/entra,Approval Planning Record,YES,"Shows approval readiness, implementation position, and not-allowed actions before any real connector work.",No production API calls; no credentials; no source-system writeback; no PHI/PII/secrets; no protected-module patch; no production automation.,2026-05-12 23:01:46 UTC,39626b1593727609c71b7bbf0fa912b84c349045d35e8527ecee3916f764612c
ST-PACKET-15F63C045266,entra,Microsoft Entra ID,06 Evidence Item Detail,Route Screenshot,GREEN,90,sterile_compounding_poc_evidence_checklist.csv,/sterile-compounding/nonprod-poc-plan/entra,Screenshot,YES,Capture screenshot of the sterile planning route that supports the test.,"No production PHI/PII, secrets, tokens, credentials, or source-system admin screens.",2026-05-12 23:01:46 UTC,76c25619411c7b54a44aaa35b01d0f268618fc179997d28625a2973f687d0881
ST-PACKET-082B7CA46622,entra,Microsoft Entra ID,06 Evidence Item Detail,CSV Export,GREEN,90,sterile_compounding_poc_evidence_checklist.csv,/sterile-compounding/nonprod-poc-plan/entra,CSV,YES,Export the relevant sterile register used by the test.,No uncontrolled export from enterprise source systems.,2026-05-12 23:01:46 UTC,b5cfba8a49899929a816f036e7bd94149fe8054132987571df0b869d5b743ee1
ST-PACKET-85BA1E1E9D30,entra,Microsoft Entra ID,06 Evidence Item Detail,Boundary Confirmation,GREEN,90,sterile_compounding_poc_evidence_checklist.csv,/sterile-compounding/nonprod-poc-plan,Governance Note,YES,"Confirm that no API call, credential, production data, or writeback was used.",No real connector activation.,2026-05-12 23:01:46 UTC,b605eca8242b15dfcb041b10acd56b7ba68285c06b4907d6317322d08e034f4b
ST-PACKET-15F63C045266,entra,Microsoft Entra ID,06 Evidence Item Detail,Route Screenshot,YELLOW,60,sterile_compounding_poc_evidence_checklist.csv,/sterile-compounding/data-contracts/entra,Screenshot,YES,Capture screenshot of the sterile planning route that supports the test.,"No production PHI/PII, secrets, tokens, credentials, or source-system admin screens.",2026-05-12 23:01:46 UTC,716013fd10ae33e28d2ada8a5545c6cbb4eabf805bd9fb1f418c94821b3f50ec
ST-PACKET-082B7CA46622,entra,Microsoft Entra ID,06 Evidence Item Detail,CSV Export,YELLOW,60,sterile_compounding_poc_evidence_checklist.csv,/sterile-compounding/data-contracts/entra,CSV,YES,Export the relevant sterile register used by the test.,No uncontrolled export from enterprise source systems.,2026-05-12 23:01:46 UTC,19cd6f74933ed4622299e56f948fd2c6a550abc50baa10f950b6314b33cb3fbd
ST-PACKET-85BA1E1E9D30,entra,Microsoft Entra ID,06 Evidence Item Detail,Boundary Confirmation,YELLOW,60,sterile_compounding_poc_evidence_checklist.csv,/sterile-compounding/nonprod-poc-plan,Governance Note,YES,"Confirm that no API call, credential, production data, or writeback was used.",No real connector activation.,2026-05-12 23:01:46 UTC,95e86f97de31f661bd9d2cbcabdeaa0e0b8deb8ffcf677b804b7d08349b302db
ST-PACKET-6D5EBB65AD67,entra,Microsoft Entra ID,06 Evidence Item Detail,Data Contract Evidence,YELLOW,60,sterile_compounding_poc_evidence_checklist.csv,/sterile-compounding/data-contracts/entra,Register Export,YES,Export or screenshot the data contract and field mapping pages for this system.,No live data pull.,2026-05-12 23:01:46 UTC,95e6bdaad7b772f7c12675e7b0806f7fe1e187843dc819f4b9b5fe95f93fb7b9
ST-PACKET-15F63C045266,entra,Microsoft Entra ID,06 Evidence Item Detail,Route Screenshot,YELLOW,60,sterile_compounding_poc_evidence_checklist.csv,/sterile-compounding/mock-ingestion-lab/entra,Screenshot,YES,Capture screenshot of the sterile planning route that supports the test.,"No production PHI/PII, secrets, tokens, credentials, or source-system admin screens.",2026-05-12 23:01:46 UTC,d5a39afb1963cbd8da2b08261acb6771b5905b67c5590377d06ea7b62ac898c8
ST-PACKET-082B7CA46622,entra,Microsoft Entra ID,06 Evidence Item Detail,CSV Export,YELLOW,60,sterile_compounding_poc_evidence_checklist.csv,/sterile-compounding/mock-ingestion-lab/entra,CSV,YES,Export the relevant sterile register used by the test.,No uncontrolled export from enterprise source systems.,2026-05-12 23:01:46 UTC,ac09b9368563a9935b0bd22bbdb6b1240c5377cf08caac6c57173d641f57cd6d
ST-PACKET-85BA1E1E9D30,entra,Microsoft Entra ID,06 Evidence Item Detail,Boundary Confirmation,YELLOW,60,sterile_compounding_poc_evidence_checklist.csv,/sterile-compounding/nonprod-poc-plan,Governance Note,YES,"Confirm that no API call, credential, production data, or writeback was used.",No real connector activation.,2026-05-12 23:01:46 UTC,95e86f97de31f661bd9d2cbcabdeaa0e0b8deb8ffcf677b804b7d08349b302db
ST-PACKET-40505B2F302B,entra,Microsoft Entra ID,06 Evidence Item Detail,Mock Payload Evidence,YELLOW,60,sterile_compounding_poc_evidence_checklist.csv,/sterile-compounding/mock-ingestion-lab/entra,Mock Register,YES,Capture mock ingestion payload shape and quality gate for this system.,No external API request.,2026-05-12 23:01:46 UTC,bc7ae20dc7aaec5a34f44a80a788e463d7dbab698293925db251e4c935884452
ST-PACKET-15F63C045266,entra,Microsoft Entra ID,06 Evidence Item Detail,Route Screenshot,YELLOW,60,sterile_compounding_poc_evidence_checklist.csv,/sterile-compounding/connector-approval-board/entra,Screenshot,YES,Capture screenshot of the sterile planning route that supports the test.,"No production PHI/PII, secrets, tokens, credentials, or source-system admin screens.",2026-05-12 23:01:46 UTC,004749f7bd03ee38a8e19fba21fb8a7ac90ff9bbc353d47bf0157c23d382c3c5
ST-PACKET-082B7CA46622,entra,Microsoft Entra ID,06 Evidence Item Detail,CSV Export,YELLOW,60,sterile_compounding_poc_evidence_checklist.csv,/sterile-compounding/connector-approval-board/entra,CSV,YES,Export the relevant sterile register used by the test.,No uncontrolled export from enterprise source systems.,2026-05-12 23:01:46 UTC,e4e84d5938baad9968d240ad48d1087c5fbcfca6729f872a053a80fd90438b6b
ST-PACKET-85BA1E1E9D30,entra,Microsoft Entra ID,06 Evidence Item Detail,Boundary Confirmation,YELLOW,60,sterile_compounding_poc_evidence_checklist.csv,/sterile-compounding/nonprod-poc-plan,Governance Note,YES,"Confirm that no API call, credential, production data, or writeback was used.",No real connector activation.,2026-05-12 23:01:46 UTC,95e86f97de31f661bd9d2cbcabdeaa0e0b8deb8ffcf677b804b7d08349b302db
ST-PACKET-2121F7BB6433,entra,Microsoft Entra ID,06 Evidence Item Detail,Approval Board Evidence,YELLOW,60,sterile_compounding_poc_evidence_checklist.csv,/sterile-compounding/connector-approval-board/entra,Approval Register,YES,Capture connector approval board row for this system.,Do not treat this as formal enterprise approval.,2026-05-12 23:01:46 UTC,bc22fb5ac857bdbb8af6f7fb13a42990eb1543954a97aa361c2485976c82e4a3
ST-PACKET-15F63C045266,entra,Microsoft Entra ID,06 Evidence Item Detail,Route Screenshot,YELLOW,60,sterile_compounding_poc_evidence_checklist.csv,/sterile-compounding/pre-integration-risk?system=entra,Screenshot,YES,Capture screenshot of the sterile planning route that supports the test.,"No production PHI/PII, secrets, tokens, credentials, or source-system admin screens.",2026-05-12 23:01:46 UTC,689fc4d691ff3287cacd1f5ffc4e365448dc55a6fce1aad1a45c69f551181319
ST-PACKET-082B7CA46622,entra,Microsoft Entra ID,06 Evidence Item Detail,CSV Export,YELLOW,60,sterile_compounding_poc_evidence_checklist.csv,/sterile-compounding/pre-integration-risk?system=entra,CSV,YES,Export the relevant sterile register used by the test.,No uncontrolled export from enterprise source systems.,2026-05-12 23:01:46 UTC,b1b9b99c10fc455d4a71c756868f2b941ade75f4bf1f717fe087ffc3cc9f4d41
ST-PACKET-85BA1E1E9D30,entra,Microsoft Entra ID,06 Evidence Item Detail,Boundary Confirmation,YELLOW,60,sterile_compounding_poc_evidence_checklist.csv,/sterile-compounding/nonprod-poc-plan,Governance Note,YES,"Confirm that no API call, credential, production data, or writeback was used.",No real connector activation.,2026-05-12 23:01:46 UTC,95e86f97de31f661bd9d2cbcabdeaa0e0b8deb8ffcf677b804b7d08349b302db
ST-PACKET-1E9BA0A3ABB8,entra,Microsoft Entra ID,06 Evidence Item Detail,Failure Mode Evidence,YELLOW,60,sterile_compounding_poc_evidence_checklist.csv,/sterile-compounding/pre-integration-risk?system=entra,Risk Register,YES,Capture pre-integration risk register and false-GREEN prevention rule.,No silent pass when evidence is missing.,2026-05-12 23:01:46 UTC,2890ad5700e33ae0a27b6c3b87fe30aabece1e9294052f95772a2e8e974325bd
ST-PACKET-15F63C045266,entra,Microsoft Entra ID,06 Evidence Item Detail,Route Screenshot,YELLOW,60,sterile_compounding_poc_evidence_checklist.csv,/sterile-compounding/nonprod-poc-plan/entra,Screenshot,YES,Capture screenshot of the sterile planning route that supports the test.,"No production PHI/PII, secrets, tokens, credentials, or source-system admin screens.",2026-05-12 23:01:46 UTC,6cce90916c224ee15a78b4eb976d3410aec82ec2877443060a56cd7a73bfc87e
ST-PACKET-082B7CA46622,entra,Microsoft Entra ID,06 Evidence Item Detail,CSV Export,YELLOW,60,sterile_compounding_poc_evidence_checklist.csv,/sterile-compounding/nonprod-poc-plan/entra,CSV,YES,Export the relevant sterile register used by the test.,No uncontrolled export from enterprise source systems.,2026-05-12 23:01:46 UTC,59cd0cc003b40b6ad88f703fc4a48f0986bb091c19ffd07890cb012935154723
ST-PACKET-85BA1E1E9D30,entra,Microsoft Entra ID,06 Evidence Item Detail,Boundary Confirmation,YELLOW,60,sterile_compounding_poc_evidence_checklist.csv,/sterile-compounding/nonprod-poc-plan,Governance Note,YES,"Confirm that no API call, credential, production data, or writeback was used.",No real connector activation.,2026-05-12 23:01:46 UTC,95e86f97de31f661bd9d2cbcabdeaa0e0b8deb8ffcf677b804b7d08349b302db
ST-PACKET-D7AB25BE9B5C,entra,Microsoft Entra ID,06 Evidence Item Detail,Evidence Package Summary,YELLOW,60,sterile_compounding_poc_evidence_checklist.csv,/sterile-compounding/poc-evidence-checklist,Checklist,YES,Confirm all required evidence items are present for this test case.,No evidence package built from production extracts unless separately approved.,2026-05-12 23:01:46 UTC,4be0672dd56d745ed612e5cfa98eef0d0f1ec534a21b9cbdeb00cefa7d6395e6
ST-PACKET-B2BE09FACCC2,myaccess,myAccess,01 Result Summary,POC Results Summary,YELLOW,38,sterile_compounding_poc_results_summary.csv,/sterile-compounding/poc-results-summary/myaccess,Summary Register,YES,myAccess: status=YELLOW; score=38; tests=6; P0=4; GREEN tests=1; YELLOW tests=5; RED tests=0; required evidence=23; evidence gaps=20; P0 blockers=0.,No production API calls; no credentials; no source-system writeback; no PHI/PII/secrets; no protected-module patch; no production automation.,2026-05-12 23:01:46 UTC,7db81630174aaa77cd737cc083fbc53cffd2e908e21b34fa2b4b369b419ae344
ST-PACKET-210954969527,myaccess,myAccess,02 Execution Ledger,POC Test Execution Ledger,GREEN,50,sterile_compounding_poc_test_execution.csv,/sterile-compounding/poc-test-execution?system=myaccess,Execution Register,YES,"Contains manual non-production test execution readiness, pass/fail criteria, and execution decisions.",No production API calls; no credentials; no source-system writeback; no PHI/PII/secrets; no protected-module patch; no production automation.,2026-05-12 23:01:46 UTC,263dfd8e4437f3800299363ead8b673185815c6fd593d27e0d9db9d259e7b968
ST-PACKET-1F8AF1B3B47C,myaccess,myAccess,03 Evidence Checklist,POC Evidence Checklist,YELLOW,0,sterile_compounding_poc_evidence_checklist.csv,/sterile-compounding/poc-evidence-checklist?system=myaccess,Evidence Checklist,YES,"Contains screenshots, CSV exports, boundary confirmations, and system-specific evidence expectations.",No production API calls; no credentials; no source-system writeback; no PHI/PII/secrets; no protected-module patch; no production automation.,2026-05-12 23:01:46 UTC,42e3d00cfdfc736ced4b72d821d6436da44caf9e977d267f9fed5e31637f96e1
ST-PACKET-0F6E90BB1DAC,myaccess,myAccess,04 Non-Production Boundary,Boundary and Not-Allowed Statement,GREEN,100,sterile_compounding_nonprod_poc_plan.csv,/sterile-compounding/nonprod-poc-plan/myaccess,Governance Statement,YES,"Confirms mock/non-production-only boundary and prohibits production connection, credentials, writeback, and protected-module changes.",No production API calls; no credentials; no source-system writeback; no PHI/PII/secrets; no protected-module patch; no production automation.,2026-05-12 23:01:46 UTC,8b9ace5af449dc9dc9aca980b7505a7c9e9848f9d1a841544411e64ae8579892
ST-PACKET-9CED0D97ACBC,myaccess,myAccess,05 Approval Trace,Connector Approval and Decision Trace,YELLOW,70,sterile_compounding_connector_approval_board.csv,/sterile-compounding/connector-approval-board/myaccess,Approval Planning Record,YES,"Shows approval readiness, implementation position, and not-allowed actions before any real connector work.",No production API calls; no credentials; no source-system writeback; no PHI/PII/secrets; no protected-module patch; no production automation.,2026-05-12 23:01:46 UTC,c983013be43a4286bbb412d1fbfc367dfc23b13965b39ed36360d6b6df1e50f8
ST-PACKET-EFC919D9597B,myaccess,myAccess,06 Evidence Item Detail,Route Screenshot,GREEN,90,sterile_compounding_poc_evidence_checklist.csv,/sterile-compounding/nonprod-poc-plan/myaccess,Screenshot,YES,Capture screenshot of the sterile planning route that supports the test.,"No production PHI/PII, secrets, tokens, credentials, or source-system admin screens.",2026-05-12 23:01:46 UTC,ca4d2019459d6bf73f15d6104ff241595098eda4c9e3c4241aa587e237847d2d
ST-PACKET-E4D1E5283A9A,myaccess,myAccess,06 Evidence Item Detail,CSV Export,GREEN,90,sterile_compounding_poc_evidence_checklist.csv,/sterile-compounding/nonprod-poc-plan/myaccess,CSV,YES,Export the relevant sterile register used by the test.,No uncontrolled export from enterprise source systems.,2026-05-12 23:01:46 UTC,718b913cf7ee5668e020355ed6a55b75bd0486351d33f4b16bf9a6d50ba6176f
ST-PACKET-55C8E915D181,myaccess,myAccess,06 Evidence Item Detail,Boundary Confirmation,GREEN,90,sterile_compounding_poc_evidence_checklist.csv,/sterile-compounding/nonprod-poc-plan,Governance Note,YES,"Confirm that no API call, credential, production data, or writeback was used.",No real connector activation.,2026-05-12 23:01:46 UTC,082bc8615e732d9da5ef02a93f725b48c33c2be69d6188425d977a808f63afd5
ST-PACKET-EFC919D9597B,myaccess,myAccess,06 Evidence Item Detail,Route Screenshot,YELLOW,60,sterile_compounding_poc_evidence_checklist.csv,/sterile-compounding/data-contracts/myaccess,Screenshot,YES,Capture screenshot of the sterile planning route that supports the test.,"No production PHI/PII, secrets, tokens, credentials, or source-system admin screens.",2026-05-12 23:01:46 UTC,6a32ddff5b5cc23c00fb33dd01909f67dfa9f89bdd225d6f2efdf38d17e8e771
ST-PACKET-E4D1E5283A9A,myaccess,myAccess,06 Evidence Item Detail,CSV Export,YELLOW,60,sterile_compounding_poc_evidence_checklist.csv,/sterile-compounding/data-contracts/myaccess,CSV,YES,Export the relevant sterile register used by the test.,No uncontrolled export from enterprise source systems.,2026-05-12 23:01:46 UTC,753e2de673792958ca02c2cf8d6a7a5b8bf15ae3a5be0b9ec914ab0f06f60652
ST-PACKET-55C8E915D181,myaccess,myAccess,06 Evidence Item Detail,Boundary Confirmation,YELLOW,60,sterile_compounding_poc_evidence_checklist.csv,/sterile-compounding/nonprod-poc-plan,Governance Note,YES,"Confirm that no API call, credential, production data, or writeback was used.",No real connector activation.,2026-05-12 23:01:46 UTC,8dac10b5952194444b58772a9921a98cbca728b570012a93637e329c25aeb934
ST-PACKET-D43317B2E3CA,myaccess,myAccess,06 Evidence Item Detail,Data Contract Evidence,YELLOW,60,sterile_compounding_poc_evidence_checklist.csv,/sterile-compounding/data-contracts/myaccess,Register Export,YES,Export or screenshot the data contract and field mapping pages for this system.,No live data pull.,2026-05-12 23:01:46 UTC,037d004ddc2a25dc47b7d8ab9b326295297fe7274485d378a25ceb06ee1e6182
ST-PACKET-EFC919D9597B,myaccess,myAccess,06 Evidence Item Detail,Route Screenshot,YELLOW,60,sterile_compounding_poc_evidence_checklist.csv,/sterile-compounding/mock-ingestion-lab/myaccess,Screenshot,YES,Capture screenshot of the sterile planning route that supports the test.,"No production PHI/PII, secrets, tokens, credentials, or source-system admin screens.",2026-05-12 23:01:46 UTC,2acb71b69e13f445738ed49ba79b5809b270c55a7ddaaa1a0ccd7c6c2bb679cb
ST-PACKET-E4D1E5283A9A,myaccess,myAccess,06 Evidence Item Detail,CSV Export,YELLOW,60,sterile_compounding_poc_evidence_checklist.csv,/sterile-compounding/mock-ingestion-lab/myaccess,CSV,YES,Export the relevant sterile register used by the test.,No uncontrolled export from enterprise source systems.,2026-05-12 23:01:46 UTC,8c735ef5c3471ccead6daebaa728a0c2904861287e42e7144161c6097d9e2ffd
ST-PACKET-55C8E915D181,myaccess,myAccess,06 Evidence Item Detail,Boundary Confirmation,YELLOW,60,sterile_compounding_poc_evidence_checklist.csv,/sterile-compounding/nonprod-poc-plan,Governance Note,YES,"Confirm that no API call, credential, production data, or writeback was used.",No real connector activation.,2026-05-12 23:01:46 UTC,8dac10b5952194444b58772a9921a98cbca728b570012a93637e329c25aeb934
ST-PACKET-ED44F5275953,myaccess,myAccess,06 Evidence Item Detail,Mock Payload Evidence,YELLOW,60,sterile_compounding_poc_evidence_checklist.csv,/sterile-compounding/mock-ingestion-lab/myaccess,Mock Register,YES,Capture mock ingestion payload shape and quality gate for this system.,No external API request.,2026-05-12 23:01:46 UTC,32068a6a4cdbef971bd9c02d53120d5648029a8d3504218eddea823ecb201cf1
ST-PACKET-EFC919D9597B,myaccess,myAccess,06 Evidence Item Detail,Route Screenshot,YELLOW,60,sterile_compounding_poc_evidence_checklist.csv,/sterile-compounding/connector-approval-board/myaccess,Screenshot,YES,Capture screenshot of the sterile planning route that supports the test.,"No production PHI/PII, secrets, tokens, credentials, or source-system admin screens.",2026-05-12 23:01:46 UTC,078ab389d6c5bb2889572d6d1b6c64a831aac3475f836c04c1d755e3278965fc
ST-PACKET-E4D1E5283A9A,myaccess,myAccess,06 Evidence Item Detail,CSV Export,YELLOW,60,sterile_compounding_poc_evidence_checklist.csv,/sterile-compounding/connector-approval-board/myaccess,CSV,YES,Export the relevant sterile register used by the test.,No uncontrolled export from enterprise source systems.,2026-05-12 23:01:46 UTC,2456595d43e380bed09f0c69e6424d75952ade457b2a7c3f9bda8a80eb0d1e36
ST-PACKET-55C8E915D181,myaccess,myAccess,06 Evidence Item Detail,Boundary Confirmation,YELLOW,60,sterile_compounding_poc_evidence_checklist.csv,/sterile-compounding/nonprod-poc-plan,Governance Note,YES,"Confirm that no API call, credential, production data, or writeback was used.",No real connector activation.,2026-05-12 23:01:46 UTC,8dac10b5952194444b58772a9921a98cbca728b570012a93637e329c25aeb934
ST-PACKET-6A70555E1A6A,myaccess,myAccess,06 Evidence Item Detail,Approval Board Evidence,YELLOW,60,sterile_compounding_poc_evidence_checklist.csv,/sterile-compounding/connector-approval-board/myaccess,Approval Register,YES,Capture connector approval board row for this system.,Do not treat this as formal enterprise approval.,2026-05-12 23:01:46 UTC,d5b8454856880aa57fafd7715ba84d52e7604bb50549241d661be0e1a3eb4469
ST-PACKET-EFC919D9597B,myaccess,myAccess,06 Evidence Item Detail,Route Screenshot,YELLOW,60,sterile_compounding_poc_evidence_checklist.csv,/sterile-compounding/pre-integration-risk?system=myaccess,Screenshot,YES,Capture screenshot of the sterile planning route that supports the test.,"No production PHI/PII, secrets, tokens, credentials, or source-system admin screens.",2026-05-12 23:01:46 UTC,7579f997d25ee98be8d1e68f9dfaa50d95d8d08388116d10c8d5feb4e9aedb40
ST-PACKET-E4D1E5283A9A,myaccess,myAccess,06 Evidence Item Detail,CSV Export,YELLOW,60,sterile_compounding_poc_evidence_checklist.csv,/sterile-compounding/pre-integration-risk?system=myaccess,CSV,YES,Export the relevant sterile register used by the test.,No uncontrolled export from enterprise source systems.,2026-05-12 23:01:46 UTC,5d44f16a7b6a91e26a5e33ae82f32a7d35268e8b10f125bdc2367508800dc343
ST-PACKET-55C8E915D181,myaccess,myAccess,06 Evidence Item Detail,Boundary Confirmation,YELLOW,60,sterile_compounding_poc_evidence_checklist.csv,/sterile-compounding/nonprod-poc-plan,Governance Note,YES,"Confirm that no API call, credential, production data, or writeback was used.",No real connector activation.,2026-05-12 23:01:46 UTC,8dac10b5952194444b58772a9921a98cbca728b570012a93637e329c25aeb934
ST-PACKET-84CF51F8A16F,myaccess,myAccess,06 Evidence Item Detail,Failure Mode Evidence,YELLOW,60,sterile_compounding_poc_evidence_checklist.csv,/sterile-compounding/pre-integration-risk?system=myaccess,Risk Register,YES,Capture pre-integration risk register and false-GREEN prevention rule.,No silent pass when evidence is missing.,2026-05-12 23:01:46 UTC,103013d08babec15f4209c2c567121a391c0d8353cf940e143c6b17e7ece426a
ST-PACKET-EFC919D9597B,myaccess,myAccess,06 Evidence Item Detail,Route Screenshot,YELLOW,60,sterile_compounding_poc_evidence_checklist.csv,/sterile-compounding/nonprod-poc-plan/myaccess,Screenshot,YES,Capture screenshot of the sterile planning route that supports the test.,"No production PHI/PII, secrets, tokens, credentials, or source-system admin screens.",2026-05-12 23:01:46 UTC,e5b77864d535fd76e1a3597a8565acff22bfedbf36fa93a3a2ae76e95aa93458
ST-PACKET-E4D1E5283A9A,myaccess,myAccess,06 Evidence Item Detail,CSV Export,YELLOW,60,sterile_compounding_poc_evidence_checklist.csv,/sterile-compounding/nonprod-poc-plan/myaccess,CSV,YES,Export the relevant sterile register used by the test.,No uncontrolled export from enterprise source systems.,2026-05-12 23:01:46 UTC,ae62b13aba1ef8ea2ccedbfef4b2e4a847317cfc9d533f0fcd642b025eae3cc9
ST-PACKET-55C8E915D181,myaccess,myAccess,06 Evidence Item Detail,Boundary Confirmation,YELLOW,60,sterile_compounding_poc_evidence_checklist.csv,/sterile-compounding/nonprod-poc-plan,Governance Note,YES,"Confirm that no API call, credential, production data, or writeback was used.",No real connector activation.,2026-05-12 23:01:46 UTC,8dac10b5952194444b58772a9921a98cbca728b570012a93637e329c25aeb934
ST-PACKET-2B8080839BB8,myaccess,myAccess,06 Evidence Item Detail,Evidence Package Summary,YELLOW,60,sterile_compounding_poc_evidence_checklist.csv,/sterile-compounding/poc-evidence-checklist,Checklist,YES,Confirm all required evidence items are present for this test case.,No evidence package built from production extracts unless separately approved.,2026-05-12 23:01:46 UTC,8f1a864457c41ae643b10571a59fde19b0e035d2267a25d2bf16c5dc69851356
ST-PACKET-EF4CEAC2EA32,power-bi,Power BI,01 Result Summary,POC Results Summary,YELLOW,60,sterile_compounding_poc_results_summary.csv,/sterile-compounding/poc-results-summary/power-bi,Summary Register,YES,Power BI: status=YELLOW; score=60; tests=6; P0=4; GREEN tests=3; YELLOW tests=3; RED tests=0; required evidence=23; evidence gaps=12; P0 blockers=0.,No production API calls; no credentials; no source-system writeback; no PHI/PII/secrets; no protected-module patch; no production automation.,2026-05-12 23:01:46 UTC,39f34a619e813d803983d35bef12f0026bda40861b912fba2f1f79d0611ccb93
ST-PACKET-9A1A5A2E8633,power-bi,Power BI,02 Execution Ledger,POC Test Execution Ledger,GREEN,70,sterile_compounding_poc_test_execution.csv,/sterile-compounding/poc-test-execution?system=power-bi,Execution Register,YES,"Contains manual non-production test execution readiness, pass/fail criteria, and execution decisions.",No production API calls; no credentials; no source-system writeback; no PHI/PII/secrets; no protected-module patch; no production automation.,2026-05-12 23:01:46 UTC,9973d2097101119639df176811145531e5927aef76c9cdf49f48e2bdc50d8637
ST-PACKET-A440D23CF32E,power-bi,Power BI,03 Evidence Checklist,POC Evidence Checklist,YELLOW,4,sterile_compounding_poc_evidence_checklist.csv,/sterile-compounding/poc-evidence-checklist?system=power-bi,Evidence Checklist,YES,"Contains screenshots, CSV exports, boundary confirmations, and system-specific evidence expectations.",No production API calls; no credentials; no source-system writeback; no PHI/PII/secrets; no protected-module patch; no production automation.,2026-05-12 23:01:46 UTC,5790f24de16ab678ef5d34449fff3440eebd9c7f865e49698a5597fc84d4bb9f
ST-PACKET-D87A7C173E69,power-bi,Power BI,04 Non-Production Boundary,Boundary and Not-Allowed Statement,GREEN,100,sterile_compounding_nonprod_poc_plan.csv,/sterile-compounding/nonprod-poc-plan/power-bi,Governance Statement,YES,"Confirms mock/non-production-only boundary and prohibits production connection, credentials, writeback, and protected-module changes.",No production API calls; no credentials; no source-system writeback; no PHI/PII/secrets; no protected-module patch; no production automation.,2026-05-12 23:01:46 UTC,ad702ba2634bf8c21b08e32dabc23a1318896c4d9e78e53b165523003c569b0a
ST-PACKET-46103895CF00,power-bi,Power BI,05 Approval Trace,Connector Approval and Decision Trace,YELLOW,70,sterile_compounding_connector_approval_board.csv,/sterile-compounding/connector-approval-board/power-bi,Approval Planning Record,YES,"Shows approval readiness, implementation position, and not-allowed actions before any real connector work.",No production API calls; no credentials; no source-system writeback; no PHI/PII/secrets; no protected-module patch; no production automation.,2026-05-12 23:01:46 UTC,7e9704390537ac5a2682938e03d3077ca83445cfe16f8b5f1315f45d876fb6a7
ST-PACKET-B6DC73ECF342,power-bi,Power BI,06 Evidence Item Detail,Route Screenshot,GREEN,90,sterile_compounding_poc_evidence_checklist.csv,/sterile-compounding/nonprod-poc-plan/power-bi,Screenshot,YES,Capture screenshot of the sterile planning route that supports the test.,"No production PHI/PII, secrets, tokens, credentials, or source-system admin screens.",2026-05-12 23:01:46 UTC,2bda5fe56943fb31306befee54c4233eaa3c725e0ee73846de0006e5f0b5914f
ST-PACKET-0BC01CC27BEC,power-bi,Power BI,06 Evidence Item Detail,CSV Export,GREEN,90,sterile_compounding_poc_evidence_checklist.csv,/sterile-compounding/nonprod-poc-plan/power-bi,CSV,YES,Export the relevant sterile register used by the test.,No uncontrolled export from enterprise source systems.,2026-05-12 23:01:46 UTC,cac3a497931fe9b54da0010959046ee4dee8e740642a8e8b2c3ad8851046995f
ST-PACKET-C6DFAFC06CAA,power-bi,Power BI,06 Evidence Item Detail,Boundary Confirmation,GREEN,90,sterile_compounding_poc_evidence_checklist.csv,/sterile-compounding/nonprod-poc-plan,Governance Note,YES,"Confirm that no API call, credential, production data, or writeback was used.",No real connector activation.,2026-05-12 23:01:46 UTC,b59fd7aa212b92111ea10d00505a24687a928c4dccb6db45d483f7c7af0b4180
ST-PACKET-B6DC73ECF342,power-bi,Power BI,06 Evidence Item Detail,Route Screenshot,GREEN,90,sterile_compounding_poc_evidence_checklist.csv,/sterile-compounding/data-contracts/power-bi,Screenshot,YES,Capture screenshot of the sterile planning route that supports the test.,"No production PHI/PII, secrets, tokens, credentials, or source-system admin screens.",2026-05-12 23:01:46 UTC,e4ed0dd20d7ca85a9e614512e625f5b4b3000ff4ad2c511f3fd7b0eaa46d246e
ST-PACKET-0BC01CC27BEC,power-bi,Power BI,06 Evidence Item Detail,CSV Export,GREEN,90,sterile_compounding_poc_evidence_checklist.csv,/sterile-compounding/data-contracts/power-bi,CSV,YES,Export the relevant sterile register used by the test.,No uncontrolled export from enterprise source systems.,2026-05-12 23:01:46 UTC,529f18e2131753642452b5ee202711588d7f8ab85f1895e4ad163579f50d4ceb
ST-PACKET-C6DFAFC06CAA,power-bi,Power BI,06 Evidence Item Detail,Boundary Confirmation,GREEN,90,sterile_compounding_poc_evidence_checklist.csv,/sterile-compounding/nonprod-poc-plan,Governance Note,YES,"Confirm that no API call, credential, production data, or writeback was used.",No real connector activation.,2026-05-12 23:01:46 UTC,b59fd7aa212b92111ea10d00505a24687a928c4dccb6db45d483f7c7af0b4180
ST-PACKET-1A1D2FBCA9A7,power-bi,Power BI,06 Evidence Item Detail,Data Contract Evidence,GREEN,90,sterile_compounding_poc_evidence_checklist.csv,/sterile-compounding/data-contracts/power-bi,Register Export,YES,Export or screenshot the data contract and field mapping pages for this system.,No live data pull.,2026-05-12 23:01:46 UTC,0a921bbe3c942b46cdea7648223d4b0ce99d62a4b06821e1f8a0493784ccac2b
ST-PACKET-B6DC73ECF342,power-bi,Power BI,06 Evidence Item Detail,Route Screenshot,GREEN,90,sterile_compounding_poc_evidence_checklist.csv,/sterile-compounding/mock-ingestion-lab/power-bi,Screenshot,YES,Capture screenshot of the sterile planning route that supports the test.,"No production PHI/PII, secrets, tokens, credentials, or source-system admin screens.",2026-05-12 23:01:46 UTC,3b5141f203aaefcddde6a371d40f6e0098f8cc0c1751f4c5665b2fae32de0e7c
ST-PACKET-0BC01CC27BEC,power-bi,Power BI,06 Evidence Item Detail,CSV Export,GREEN,90,sterile_compounding_poc_evidence_checklist.csv,/sterile-compounding/mock-ingestion-lab/power-bi,CSV,YES,Export the relevant sterile register used by the test.,No uncontrolled export from enterprise source systems.,2026-05-12 23:01:46 UTC,5aad646e3839315be3fcba7a99d62844c43920f682234a578d71806fafb16de0
ST-PACKET-C6DFAFC06CAA,power-bi,Power BI,06 Evidence Item Detail,Boundary Confirmation,GREEN,90,sterile_compounding_poc_evidence_checklist.csv,/sterile-compounding/nonprod-poc-plan,Governance Note,YES,"Confirm that no API call, credential, production data, or writeback was used.",No real connector activation.,2026-05-12 23:01:46 UTC,b59fd7aa212b92111ea10d00505a24687a928c4dccb6db45d483f7c7af0b4180
ST-PACKET-028AD45073AA,power-bi,Power BI,06 Evidence Item Detail,Mock Payload Evidence,GREEN,90,sterile_compounding_poc_evidence_checklist.csv,/sterile-compounding/mock-ingestion-lab/power-bi,Mock Register,YES,Capture mock ingestion payload shape and quality gate for this system.,No external API request.,2026-05-12 23:01:46 UTC,a3476a2d4a1eea6323b60c8b70c40dd1c520ac64b97c477e13178f59594253cd
ST-PACKET-B6DC73ECF342,power-bi,Power BI,06 Evidence Item Detail,Route Screenshot,YELLOW,60,sterile_compounding_poc_evidence_checklist.csv,/sterile-compounding/connector-approval-board/power-bi,Screenshot,YES,Capture screenshot of the sterile planning route that supports the test.,"No production PHI/PII, secrets, tokens, credentials, or source-system admin screens.",2026-05-12 23:01:46 UTC,0da9ec3c405dcc691988582339fe4235a418d3bc71628984a0c18ff7b932911a
ST-PACKET-0BC01CC27BEC,power-bi,Power BI,06 Evidence Item Detail,CSV Export,YELLOW,60,sterile_compounding_poc_evidence_checklist.csv,/sterile-compounding/connector-approval-board/power-bi,CSV,YES,Export the relevant sterile register used by the test.,No uncontrolled export from enterprise source systems.,2026-05-12 23:01:46 UTC,bfd623a8d8f510b4a3f7aa93fa78dbfbc34c839f6130a49c30c752852ddfdf4b
ST-PACKET-C6DFAFC06CAA,power-bi,Power BI,06 Evidence Item Detail,Boundary Confirmation,YELLOW,60,sterile_compounding_poc_evidence_checklist.csv,/sterile-compounding/nonprod-poc-plan,Governance Note,YES,"Confirm that no API call, credential, production data, or writeback was used.",No real connector activation.,2026-05-12 23:01:46 UTC,40a666c861a98644bbfe1b6b733fa38ff4e203a3241939ebe639df111b0eeb22
ST-PACKET-452AE6DED8CF,power-bi,Power BI,06 Evidence Item Detail,Approval Board Evidence,YELLOW,60,sterile_compounding_poc_evidence_checklist.csv,/sterile-compounding/connector-approval-board/power-bi,Approval Register,YES,Capture connector approval board row for this system.,Do not treat this as formal enterprise approval.,2026-05-12 23:01:46 UTC,2bb9b5cf653b3cb625fef6d7752c87e7931454524d00f0c0c421af0b414fcfe7
ST-PACKET-B6DC73ECF342,power-bi,Power BI,06 Evidence Item Detail,Route Screenshot,YELLOW,60,sterile_compounding_poc_evidence_checklist.csv,/sterile-compounding/pre-integration-risk?system=power-bi,Screenshot,YES,Capture screenshot of the sterile planning route that supports the test.,"No production PHI/PII, secrets, tokens, credentials, or source-system admin screens.",2026-05-12 23:01:46 UTC,3ba2b28c2826a89c310dbbe05c52f42220eff0640b6a9294275e61600ef87bcd
ST-PACKET-0BC01CC27BEC,power-bi,Power BI,06 Evidence Item Detail,CSV Export,YELLOW,60,sterile_compounding_poc_evidence_checklist.csv,/sterile-compounding/pre-integration-risk?system=power-bi,CSV,YES,Export the relevant sterile register used by the test.,No uncontrolled export from enterprise source systems.,2026-05-12 23:01:46 UTC,4261950ece9d6f11508a81f960fe9e9bb5f1b94af5be4ab3420ec129e6672d24
ST-PACKET-C6DFAFC06CAA,power-bi,Power BI,06 Evidence Item Detail,Boundary Confirmation,YELLOW,60,sterile_compounding_poc_evidence_checklist.csv,/sterile-compounding/nonprod-poc-plan,Governance Note,YES,"Confirm that no API call, credential, production data, or writeback was used.",No real connector activation.,2026-05-12 23:01:46 UTC,40a666c861a98644bbfe1b6b733fa38ff4e203a3241939ebe639df111b0eeb22
ST-PACKET-AD5AB5781BA1,power-bi,Power BI,06 Evidence Item Detail,Failure Mode Evidence,YELLOW,60,sterile_compounding_poc_evidence_checklist.csv,/sterile-compounding/pre-integration-risk?system=power-bi,Risk Register,YES,Capture pre-integration risk register and false-GREEN prevention rule.,No silent pass when evidence is missing.,2026-05-12 23:01:46 UTC,ce64d14f34011edd2414035d3a9c361b49e0a03fd87537667319c315c8c5fa39
ST-PACKET-B6DC73ECF342,power-bi,Power BI,06 Evidence Item Detail,Route Screenshot,YELLOW,60,sterile_compounding_poc_evidence_checklist.csv,/sterile-compounding/nonprod-poc-plan/power-bi,Screenshot,YES,Capture screenshot of the sterile planning route that supports the test.,"No production PHI/PII, secrets, tokens, credentials, or source-system admin screens.",2026-05-12 23:01:46 UTC,ab68b6a634e8bdd1fa61a4b5f1f65fc87573a766ea8e0ba8edcafae3deeb34da
ST-PACKET-0BC01CC27BEC,power-bi,Power BI,06 Evidence Item Detail,CSV Export,YELLOW,60,sterile_compounding_poc_evidence_checklist.csv,/sterile-compounding/nonprod-poc-plan/power-bi,CSV,YES,Export the relevant sterile register used by the test.,No uncontrolled export from enterprise source systems.,2026-05-12 23:01:46 UTC,83706d2088ff14374f861405ad96fbbd236668f5332a9cd9b5627ec6a7f1ea6c
ST-PACKET-C6DFAFC06CAA,power-bi,Power BI,06 Evidence Item Detail,Boundary Confirmation,YELLOW,60,sterile_compounding_poc_evidence_checklist.csv,/sterile-compounding/nonprod-poc-plan,Governance Note,YES,"Confirm that no API call, credential, production data, or writeback was used.",No real connector activation.,2026-05-12 23:01:46 UTC,40a666c861a98644bbfe1b6b733fa38ff4e203a3241939ebe639df111b0eeb22
ST-PACKET-BE8F5E445FF5,power-bi,Power BI,06 Evidence Item Detail,Evidence Package Summary,YELLOW,60,sterile_compounding_poc_evidence_checklist.csv,/sterile-compounding/poc-evidence-checklist,Checklist,YES,Confirm all required evidence items are present for this test case.,No evidence package built from production extracts unless separately approved.,2026-05-12 23:01:46 UTC,bf177446a854a69e6c9cbe26d05e54f9675e819d1f35c3df983d951ba631a150
ST-PACKET-383A1617D25B,servicenow,ServiceNow,01 Result Summary,POC Results Summary,YELLOW,38,sterile_compounding_poc_results_summary.csv,/sterile-compounding/poc-results-summary/servicenow,Summary Register,YES,ServiceNow: status=YELLOW; score=38; tests=6; P0=4; GREEN tests=1; YELLOW tests=5; RED tests=0; required evidence=23; evidence gaps=20; P0 blockers=0.,No production API calls; no credentials; no source-system writeback; no PHI/PII/secrets; no protected-module patch; no production automation.,2026-05-12 23:01:46 UTC,65a4b195793a636db7852ca8d2f347e8058e309a57177ce6fa4ed681ed334825
ST-PACKET-057E9311F561,servicenow,ServiceNow,02 Execution Ledger,POC Test Execution Ledger,GREEN,50,sterile_compounding_poc_test_execution.csv,/sterile-compounding/poc-test-execution?system=servicenow,Execution Register,YES,"Contains manual non-production test execution readiness, pass/fail criteria, and execution decisions.",No production API calls; no credentials; no source-system writeback; no PHI/PII/secrets; no protected-module patch; no production automation.,2026-05-12 23:01:46 UTC,5ee72f08c4a0d0f18dfd1b6ec1f8d0134eda66105e8c047710a5e5fc5f14ee37
ST-PACKET-C1E3D928DBAD,servicenow,ServiceNow,03 Evidence Checklist,POC Evidence Checklist,YELLOW,0,sterile_compounding_poc_evidence_checklist.csv,/sterile-compounding/poc-evidence-checklist?system=servicenow,Evidence Checklist,YES,"Contains screenshots, CSV exports, boundary confirmations, and system-specific evidence expectations.",No production API calls; no credentials; no source-system writeback; no PHI/PII/secrets; no protected-module patch; no production automation.,2026-05-12 23:01:46 UTC,f85bff29eba9771db91b317e1c8ab28f7f0031252b3b3468602cac37c635ffd0
ST-PACKET-4E2438A9B144,servicenow,ServiceNow,04 Non-Production Boundary,Boundary and Not-Allowed Statement,GREEN,100,sterile_compounding_nonprod_poc_plan.csv,/sterile-compounding/nonprod-poc-plan/servicenow,Governance Statement,YES,"Confirms mock/non-production-only boundary and prohibits production connection, credentials, writeback, and protected-module changes.",No production API calls; no credentials; no source-system writeback; no PHI/PII/secrets; no protected-module patch; no production automation.,2026-05-12 23:01:46 UTC,59fa252759c3a519d0584ea770c9f50233154e4f5b460dd648ef9c21486fed93
ST-PACKET-5D4EF54928DB,servicenow,ServiceNow,05 Approval Trace,Connector Approval and Decision Trace,YELLOW,70,sterile_compounding_connector_approval_board.csv,/sterile-compounding/connector-approval-board/servicenow,Approval Planning Record,YES,"Shows approval readiness, implementation position, and not-allowed actions before any real connector work.",No production API calls; no credentials; no source-system writeback; no PHI/PII/secrets; no protected-module patch; no production automation.,2026-05-12 23:01:46 UTC,f4c8f907b5e5afddd979f04a1032c85b0f8ced82628e0d9cd4945bea07ffa064
ST-PACKET-E455CD7FB4A6,servicenow,ServiceNow,06 Evidence Item Detail,Route Screenshot,GREEN,90,sterile_compounding_poc_evidence_checklist.csv,/sterile-compounding/nonprod-poc-plan/servicenow,Screenshot,YES,Capture screenshot of the sterile planning route that supports the test.,"No production PHI/PII, secrets, tokens, credentials, or source-system admin screens.",2026-05-12 23:01:46 UTC,964da1c53d5e3290cd3c478b4e88774e301fefbb4423ec7af6fdc8ffff9a866a
ST-PACKET-4BC6A55FD0CA,servicenow,ServiceNow,06 Evidence Item Detail,CSV Export,GREEN,90,sterile_compounding_poc_evidence_checklist.csv,/sterile-compounding/nonprod-poc-plan/servicenow,CSV,YES,Export the relevant sterile register used by the test.,No uncontrolled export from enterprise source systems.,2026-05-12 23:01:46 UTC,fa8d5d6d9a8bb70bfacb903c6d0da8d2e70da35991504ab9bb9438ca3e63e988
ST-PACKET-1992F162C6DF,servicenow,ServiceNow,06 Evidence Item Detail,Boundary Confirmation,GREEN,90,sterile_compounding_poc_evidence_checklist.csv,/sterile-compounding/nonprod-poc-plan,Governance Note,YES,"Confirm that no API call, credential, production data, or writeback was used.",No real connector activation.,2026-05-12 23:01:46 UTC,a40121845cbd9432fbd8a8d9a9be08d5ea514b525cf4146a9b4143a2fdd8c15c
ST-PACKET-E455CD7FB4A6,servicenow,ServiceNow,06 Evidence Item Detail,Route Screenshot,YELLOW,60,sterile_compounding_poc_evidence_checklist.csv,/sterile-compounding/data-contracts/servicenow,Screenshot,YES,Capture screenshot of the sterile planning route that supports the test.,"No production PHI/PII, secrets, tokens, credentials, or source-system admin screens.",2026-05-12 23:01:46 UTC,8de8ef0ca27d8081e804f9f35bf5b47a9ecf719a7736ac5a94d40e3418f4b32a
ST-PACKET-4BC6A55FD0CA,servicenow,ServiceNow,06 Evidence Item Detail,CSV Export,YELLOW,60,sterile_compounding_poc_evidence_checklist.csv,/sterile-compounding/data-contracts/servicenow,CSV,YES,Export the relevant sterile register used by the test.,No uncontrolled export from enterprise source systems.,2026-05-12 23:01:46 UTC,7e1ed3cbff50e18b7babf7dd07f664af12547003443cd0be6755558d0612afb0
ST-PACKET-1992F162C6DF,servicenow,ServiceNow,06 Evidence Item Detail,Boundary Confirmation,YELLOW,60,sterile_compounding_poc_evidence_checklist.csv,/sterile-compounding/nonprod-poc-plan,Governance Note,YES,"Confirm that no API call, credential, production data, or writeback was used.",No real connector activation.,2026-05-12 23:01:46 UTC,e890dd0d2e96180fa7e5750d7238340fee33a1bd8c8538f63423bc7d937a891d
ST-PACKET-E38580996516,servicenow,ServiceNow,06 Evidence Item Detail,Data Contract Evidence,YELLOW,60,sterile_compounding_poc_evidence_checklist.csv,/sterile-compounding/data-contracts/servicenow,Register Export,YES,Export or screenshot the data contract and field mapping pages for this system.,No live data pull.,2026-05-12 23:01:46 UTC,f9ad25fc729e1fe746d7c9d56a291a107130bec73fcd0e31abf2d0ba3b709eac
ST-PACKET-E455CD7FB4A6,servicenow,ServiceNow,06 Evidence Item Detail,Route Screenshot,YELLOW,60,sterile_compounding_poc_evidence_checklist.csv,/sterile-compounding/mock-ingestion-lab/servicenow,Screenshot,YES,Capture screenshot of the sterile planning route that supports the test.,"No production PHI/PII, secrets, tokens, credentials, or source-system admin screens.",2026-05-12 23:01:46 UTC,086a8cebeb939fc354e984262020bab6b9c459ef14d259b89e14c642c2a9ad7c
ST-PACKET-4BC6A55FD0CA,servicenow,ServiceNow,06 Evidence Item Detail,CSV Export,YELLOW,60,sterile_compounding_poc_evidence_checklist.csv,/sterile-compounding/mock-ingestion-lab/servicenow,CSV,YES,Export the relevant sterile register used by the test.,No uncontrolled export from enterprise source systems.,2026-05-12 23:01:46 UTC,c1a4a9c31ce78ae28348466245d25503e0effe582f0e03fe52318984c88ae5e8
ST-PACKET-1992F162C6DF,servicenow,ServiceNow,06 Evidence Item Detail,Boundary Confirmation,YELLOW,60,sterile_compounding_poc_evidence_checklist.csv,/sterile-compounding/nonprod-poc-plan,Governance Note,YES,"Confirm that no API call, credential, production data, or writeback was used.",No real connector activation.,2026-05-12 23:01:46 UTC,e890dd0d2e96180fa7e5750d7238340fee33a1bd8c8538f63423bc7d937a891d
ST-PACKET-71618A67E042,servicenow,ServiceNow,06 Evidence Item Detail,Mock Payload Evidence,YELLOW,60,sterile_compounding_poc_evidence_checklist.csv,/sterile-compounding/mock-ingestion-lab/servicenow,Mock Register,YES,Capture mock ingestion payload shape and quality gate for this system.,No external API request.,2026-05-12 23:01:46 UTC,b820c06155de56bf961e05c2c0fc26db5706d2301de9e8b29734ea14557eb95f
ST-PACKET-E455CD7FB4A6,servicenow,ServiceNow,06 Evidence Item Detail,Route Screenshot,YELLOW,60,sterile_compounding_poc_evidence_checklist.csv,/sterile-compounding/connector-approval-board/servicenow,Screenshot,YES,Capture screenshot of the sterile planning route that supports the test.,"No production PHI/PII, secrets, tokens, credentials, or source-system admin screens.",2026-05-12 23:01:46 UTC,c3285bc2d772c14835028eb9025da754b3df406e5a80573ac4d58b10f7bdd753
ST-PACKET-4BC6A55FD0CA,servicenow,ServiceNow,06 Evidence Item Detail,CSV Export,YELLOW,60,sterile_compounding_poc_evidence_checklist.csv,/sterile-compounding/connector-approval-board/servicenow,CSV,YES,Export the relevant sterile register used by the test.,No uncontrolled export from enterprise source systems.,2026-05-12 23:01:46 UTC,fa2410d8035566a4cf4248d69de68af22bcdf1fa53b73b0679717ea6c5b9fbf4
ST-PACKET-1992F162C6DF,servicenow,ServiceNow,06 Evidence Item Detail,Boundary Confirmation,YELLOW,60,sterile_compounding_poc_evidence_checklist.csv,/sterile-compounding/nonprod-poc-plan,Governance Note,YES,"Confirm that no API call, credential, production data, or writeback was used.",No real connector activation.,2026-05-12 23:01:46 UTC,e890dd0d2e96180fa7e5750d7238340fee33a1bd8c8538f63423bc7d937a891d
ST-PACKET-46C03FE89988,servicenow,ServiceNow,06 Evidence Item Detail,Approval Board Evidence,YELLOW,60,sterile_compounding_poc_evidence_checklist.csv,/sterile-compounding/connector-approval-board/servicenow,Approval Register,YES,Capture connector approval board row for this system.,Do not treat this as formal enterprise approval.,2026-05-12 23:01:46 UTC,25976b017ddbc88087626856b1eb3eb671dbedc9f5dc3a005fe7cc11b20e311d
ST-PACKET-E455CD7FB4A6,servicenow,ServiceNow,06 Evidence Item Detail,Route Screenshot,YELLOW,60,sterile_compounding_poc_evidence_checklist.csv,/sterile-compounding/pre-integration-risk?system=servicenow,Screenshot,YES,Capture screenshot of the sterile planning route that supports the test.,"No production PHI/PII, secrets, tokens, credentials, or source-system admin screens.",2026-05-12 23:01:46 UTC,5f75ec722fb9a4750a72f2ac08e164fb933e2455d8935a1f42c83eb706dd502f
ST-PACKET-4BC6A55FD0CA,servicenow,ServiceNow,06 Evidence Item Detail,CSV Export,YELLOW,60,sterile_compounding_poc_evidence_checklist.csv,/sterile-compounding/pre-integration-risk?system=servicenow,CSV,YES,Export the relevant sterile register used by the test.,No uncontrolled export from enterprise source systems.,2026-05-12 23:01:46 UTC,4432b5140d302cd7280e4daf61b5cfc7c35520bf7af9f7ecc380c143e4e99d5e
ST-PACKET-1992F162C6DF,servicenow,ServiceNow,06 Evidence Item Detail,Boundary Confirmation,YELLOW,60,sterile_compounding_poc_evidence_checklist.csv,/sterile-compounding/nonprod-poc-plan,Governance Note,YES,"Confirm that no API call, credential, production data, or writeback was used.",No real connector activation.,2026-05-12 23:01:46 UTC,e890dd0d2e96180fa7e5750d7238340fee33a1bd8c8538f63423bc7d937a891d
ST-PACKET-C67EB747077B,servicenow,ServiceNow,06 Evidence Item Detail,Failure Mode Evidence,YELLOW,60,sterile_compounding_poc_evidence_checklist.csv,/sterile-compounding/pre-integration-risk?system=servicenow,Risk Register,YES,Capture pre-integration risk register and false-GREEN prevention rule.,No silent pass when evidence is missing.,2026-05-12 23:01:46 UTC,822f6b048670d59109090781f0c07bcdcf2c0812e8cff4492b6b6aff502e3fcf
ST-PACKET-E455CD7FB4A6,servicenow,ServiceNow,06 Evidence Item Detail,Route Screenshot,YELLOW,60,sterile_compounding_poc_evidence_checklist.csv,/sterile-compounding/nonprod-poc-plan/servicenow,Screenshot,YES,Capture screenshot of the sterile planning route that supports the test.,"No production PHI/PII, secrets, tokens, credentials, or source-system admin screens.",2026-05-12 23:01:46 UTC,514bf2a0c7d582c6ac65af8dcb23403c2994d35adcfad4e5ca7e3f2ab6455d9d
ST-PACKET-4BC6A55FD0CA,servicenow,ServiceNow,06 Evidence Item Detail,CSV Export,YELLOW,60,sterile_compounding_poc_evidence_checklist.csv,/sterile-compounding/nonprod-poc-plan/servicenow,CSV,YES,Export the relevant sterile register used by the test.,No uncontrolled export from enterprise source systems.,2026-05-12 23:01:46 UTC,1c830dceb56a44a3108be7093dab1fa1e271afe57689e682d89687f304fea06b
ST-PACKET-1992F162C6DF,servicenow,ServiceNow,06 Evidence Item Detail,Boundary Confirmation,YELLOW,60,sterile_compounding_poc_evidence_checklist.csv,/sterile-compounding/nonprod-poc-plan,Governance Note,YES,"Confirm that no API call, credential, production data, or writeback was used.",No real connector activation.,2026-05-12 23:01:46 UTC,e890dd0d2e96180fa7e5750d7238340fee33a1bd8c8538f63423bc7d937a891d
ST-PACKET-A6CF19E685FD,servicenow,ServiceNow,06 Evidence Item Detail,Evidence Package Summary,YELLOW,60,sterile_compounding_poc_evidence_checklist.csv,/sterile-compounding/poc-evidence-checklist,Checklist,YES,Confirm all required evidence items are present for this test case.,No evidence package built from production extracts unless separately approved.,2026-05-12 23:01:46 UTC,0038854b30a12f0faa64041ad236766317e45a8737829f5b8cf1c7a50d2f13dc
ST-PACKET-A5DB44F42C73,veeva,Veeva Vault / QMS,01 Result Summary,POC Results Summary,YELLOW,38,sterile_compounding_poc_results_summary.csv,/sterile-compounding/poc-results-summary/veeva,Summary Register,YES,Veeva Vault / QMS: status=YELLOW; score=38; tests=6; P0=4; GREEN tests=1; YELLOW tests=5; RED tests=0; required evidence=23; evidence gaps=20; P0 blockers=0.,No production API calls; no credentials; no source-system writeback; no PHI/PII/secrets; no protected-module patch; no production automation.,2026-05-12 23:01:46 UTC,655591088ff6eb0701a2e9259d1481f85de6b3e5ce7b978ebb3437411eb1d119
ST-PACKET-245A7F9B684E,veeva,Veeva Vault / QMS,02 Execution Ledger,POC Test Execution Ledger,GREEN,50,sterile_compounding_poc_test_execution.csv,/sterile-compounding/poc-test-execution?system=veeva,Execution Register,YES,"Contains manual non-production test execution readiness, pass/fail criteria, and execution decisions.",No production API calls; no credentials; no source-system writeback; no PHI/PII/secrets; no protected-module patch; no production automation.,2026-05-12 23:01:46 UTC,6ceb296055d4827b9e3f8adcb7249af1ce2567b0736639de1c4c243bc32f33c0
ST-PACKET-F1707B43FCEC,veeva,Veeva Vault / QMS,03 Evidence Checklist,POC Evidence Checklist,YELLOW,0,sterile_compounding_poc_evidence_checklist.csv,/sterile-compounding/poc-evidence-checklist?system=veeva,Evidence Checklist,YES,"Contains screenshots, CSV exports, boundary confirmations, and system-specific evidence expectations.",No production API calls; no credentials; no source-system writeback; no PHI/PII/secrets; no protected-module patch; no production automation.,2026-05-12 23:01:46 UTC,c3e1d0ce20e5c94da6688bd2ca337c0d4ccf40c12bca959d692789bb7571c212
ST-PACKET-C8EA736FFFDA,veeva,Veeva Vault / QMS,04 Non-Production Boundary,Boundary and Not-Allowed Statement,GREEN,100,sterile_compounding_nonprod_poc_plan.csv,/sterile-compounding/nonprod-poc-plan/veeva,Governance Statement,YES,"Confirms mock/non-production-only boundary and prohibits production connection, credentials, writeback, and protected-module changes.",No production API calls; no credentials; no source-system writeback; no PHI/PII/secrets; no protected-module patch; no production automation.,2026-05-12 23:01:46 UTC,ef049478eec8118fddd56648ce41c58f848f8e0283021fa9d803e747e7285088
ST-PACKET-B1E1D9ADF927,veeva,Veeva Vault / QMS,05 Approval Trace,Connector Approval and Decision Trace,YELLOW,70,sterile_compounding_connector_approval_board.csv,/sterile-compounding/connector-approval-board/veeva,Approval Planning Record,YES,"Shows approval readiness, implementation position, and not-allowed actions before any real connector work.",No production API calls; no credentials; no source-system writeback; no PHI/PII/secrets; no protected-module patch; no production automation.,2026-05-12 23:01:46 UTC,05171e757c7cc6c8e66f0252f17779ee8f23d7b9e23de0de61ebe726d6990cb7
ST-PACKET-7EC21B230628,veeva,Veeva Vault / QMS,06 Evidence Item Detail,Route Screenshot,GREEN,90,sterile_compounding_poc_evidence_checklist.csv,/sterile-compounding/nonprod-poc-plan/veeva,Screenshot,YES,Capture screenshot of the sterile planning route that supports the test.,"No production PHI/PII, secrets, tokens, credentials, or source-system admin screens.",2026-05-12 23:01:46 UTC,1953fe99b17abb91c507342e56f686cd0c94907dee281636c4fbd906843c3a4a
ST-PACKET-98C91EC67CF2,veeva,Veeva Vault / QMS,06 Evidence Item Detail,CSV Export,GREEN,90,sterile_compounding_poc_evidence_checklist.csv,/sterile-compounding/nonprod-poc-plan/veeva,CSV,YES,Export the relevant sterile register used by the test.,No uncontrolled export from enterprise source systems.,2026-05-12 23:01:46 UTC,674570570c6e078dae7d043e82fd26cb5d4b991c91db7f29ef32b65cab595760
ST-PACKET-13A11D68206E,veeva,Veeva Vault / QMS,06 Evidence Item Detail,Boundary Confirmation,GREEN,90,sterile_compounding_poc_evidence_checklist.csv,/sterile-compounding/nonprod-poc-plan,Governance Note,YES,"Confirm that no API call, credential, production data, or writeback was used.",No real connector activation.,2026-05-12 23:01:46 UTC,2c28881bcc41fdb8b302c6240beda095c14efe0919eddf3b1c8104ed2df9ff1f
ST-PACKET-7EC21B230628,veeva,Veeva Vault / QMS,06 Evidence Item Detail,Route Screenshot,YELLOW,60,sterile_compounding_poc_evidence_checklist.csv,/sterile-compounding/data-contracts/veeva,Screenshot,YES,Capture screenshot of the sterile planning route that supports the test.,"No production PHI/PII, secrets, tokens, credentials, or source-system admin screens.",2026-05-12 23:01:46 UTC,32fc2dfec5a18e3d5cc409c166f4963d1f137d6c7de0368be008a5c8b9b2afd6
ST-PACKET-98C91EC67CF2,veeva,Veeva Vault / QMS,06 Evidence Item Detail,CSV Export,YELLOW,60,sterile_compounding_poc_evidence_checklist.csv,/sterile-compounding/data-contracts/veeva,CSV,YES,Export the relevant sterile register used by the test.,No uncontrolled export from enterprise source systems.,2026-05-12 23:01:46 UTC,ddae1c44d6d6e04fc94dd15319fa1b9394c2511b0bd9f43f566e038e75277b25
ST-PACKET-13A11D68206E,veeva,Veeva Vault / QMS,06 Evidence Item Detail,Boundary Confirmation,YELLOW,60,sterile_compounding_poc_evidence_checklist.csv,/sterile-compounding/nonprod-poc-plan,Governance Note,YES,"Confirm that no API call, credential, production data, or writeback was used.",No real connector activation.,2026-05-12 23:01:46 UTC,bb3ba1a1bb55ec8b01a97f55562c70f7abc137691ef37b14b3215bab4d441464
ST-PACKET-43724ED5C622,veeva,Veeva Vault / QMS,06 Evidence Item Detail,Data Contract Evidence,YELLOW,60,sterile_compounding_poc_evidence_checklist.csv,/sterile-compounding/data-contracts/veeva,Register Export,YES,Export or screenshot the data contract and field mapping pages for this system.,No live data pull.,2026-05-12 23:01:46 UTC,352ab91f30458ca2c041d78af8c93dbaf69790892827a8d675b46b7cbb442193
ST-PACKET-7EC21B230628,veeva,Veeva Vault / QMS,06 Evidence Item Detail,Route Screenshot,YELLOW,60,sterile_compounding_poc_evidence_checklist.csv,/sterile-compounding/mock-ingestion-lab/veeva,Screenshot,YES,Capture screenshot of the sterile planning route that supports the test.,"No production PHI/PII, secrets, tokens, credentials, or source-system admin screens.",2026-05-12 23:01:46 UTC,8d8898140ee1c0e2f8f8e2f75d5065eb0b9d0333f91db8ffc62bed0eddcd19c9
ST-PACKET-98C91EC67CF2,veeva,Veeva Vault / QMS,06 Evidence Item Detail,CSV Export,YELLOW,60,sterile_compounding_poc_evidence_checklist.csv,/sterile-compounding/mock-ingestion-lab/veeva,CSV,YES,Export the relevant sterile register used by the test.,No uncontrolled export from enterprise source systems.,2026-05-12 23:01:46 UTC,adcf3eef65180407c4105eb3c0a565c9cb3b5a0d0fdb3e47e8994e7944275ce0
ST-PACKET-13A11D68206E,veeva,Veeva Vault / QMS,06 Evidence Item Detail,Boundary Confirmation,YELLOW,60,sterile_compounding_poc_evidence_checklist.csv,/sterile-compounding/nonprod-poc-plan,Governance Note,YES,"Confirm that no API call, credential, production data, or writeback was used.",No real connector activation.,2026-05-12 23:01:46 UTC,bb3ba1a1bb55ec8b01a97f55562c70f7abc137691ef37b14b3215bab4d441464
ST-PACKET-9169BD22B4C6,veeva,Veeva Vault / QMS,06 Evidence Item Detail,Mock Payload Evidence,YELLOW,60,sterile_compounding_poc_evidence_checklist.csv,/sterile-compounding/mock-ingestion-lab/veeva,Mock Register,YES,Capture mock ingestion payload shape and quality gate for this system.,No external API request.,2026-05-12 23:01:46 UTC,ae0589fb5f42451d0cc4d9f318107137f20f36a9b1fc030e65f0f4f0ca7744c8
ST-PACKET-7EC21B230628,veeva,Veeva Vault / QMS,06 Evidence Item Detail,Route Screenshot,YELLOW,60,sterile_compounding_poc_evidence_checklist.csv,/sterile-compounding/connector-approval-board/veeva,Screenshot,YES,Capture screenshot of the sterile planning route that supports the test.,"No production PHI/PII, secrets, tokens, credentials, or source-system admin screens.",2026-05-12 23:01:46 UTC,fe07ddf8480beb91bca287dfbca4f0a9cadb73fa2dda24ea0c8a598006659616
ST-PACKET-98C91EC67CF2,veeva,Veeva Vault / QMS,06 Evidence Item Detail,CSV Export,YELLOW,60,sterile_compounding_poc_evidence_checklist.csv,/sterile-compounding/connector-approval-board/veeva,CSV,YES,Export the relevant sterile register used by the test.,No uncontrolled export from enterprise source systems.,2026-05-12 23:01:46 UTC,816f885191160db124bbc611543733082a3ededa9feddc57eec70dfabcac2c53
ST-PACKET-13A11D68206E,veeva,Veeva Vault / QMS,06 Evidence Item Detail,Boundary Confirmation,YELLOW,60,sterile_compounding_poc_evidence_checklist.csv,/sterile-compounding/nonprod-poc-plan,Governance Note,YES,"Confirm that no API call, credential, production data, or writeback was used.",No real connector activation.,2026-05-12 23:01:46 UTC,bb3ba1a1bb55ec8b01a97f55562c70f7abc137691ef37b14b3215bab4d441464
ST-PACKET-F9CBCBF74A03,veeva,Veeva Vault / QMS,06 Evidence Item Detail,Approval Board Evidence,YELLOW,60,sterile_compounding_poc_evidence_checklist.csv,/sterile-compounding/connector-approval-board/veeva,Approval Register,YES,Capture connector approval board row for this system.,Do not treat this as formal enterprise approval.,2026-05-12 23:01:46 UTC,1d4d200e87739fa38f931d3d85ea42bbb44551e9ec36a54e1ff068543c4dab3d
ST-PACKET-7EC21B230628,veeva,Veeva Vault / QMS,06 Evidence Item Detail,Route Screenshot,YELLOW,60,sterile_compounding_poc_evidence_checklist.csv,/sterile-compounding/pre-integration-risk?system=veeva,Screenshot,YES,Capture screenshot of the sterile planning route that supports the test.,"No production PHI/PII, secrets, tokens, credentials, or source-system admin screens.",2026-05-12 23:01:46 UTC,a2251313b82e5ce0b8ca8324156a00f3b6d853bbfbf95855db19fb450adb5196
ST-PACKET-98C91EC67CF2,veeva,Veeva Vault / QMS,06 Evidence Item Detail,CSV Export,YELLOW,60,sterile_compounding_poc_evidence_checklist.csv,/sterile-compounding/pre-integration-risk?system=veeva,CSV,YES,Export the relevant sterile register used by the test.,No uncontrolled export from enterprise source systems.,2026-05-12 23:01:46 UTC,c5ee77dbedb590fec07cb7b5643025afc57a0f3cf6d84e38784f9f58d46a63f5
ST-PACKET-13A11D68206E,veeva,Veeva Vault / QMS,06 Evidence Item Detail,Boundary Confirmation,YELLOW,60,sterile_compounding_poc_evidence_checklist.csv,/sterile-compounding/nonprod-poc-plan,Governance Note,YES,"Confirm that no API call, credential, production data, or writeback was used.",No real connector activation.,2026-05-12 23:01:46 UTC,bb3ba1a1bb55ec8b01a97f55562c70f7abc137691ef37b14b3215bab4d441464
ST-PACKET-A68A6BC6B2D5,veeva,Veeva Vault / QMS,06 Evidence Item Detail,Failure Mode Evidence,YELLOW,60,sterile_compounding_poc_evidence_checklist.csv,/sterile-compounding/pre-integration-risk?system=veeva,Risk Register,YES,Capture pre-integration risk register and false-GREEN prevention rule.,No silent pass when evidence is missing.,2026-05-12 23:01:46 UTC,c91a9b7a197a7e74848fd4135ecc603809cb1c356b7139ec9835b0890f43abdf
ST-PACKET-7EC21B230628,veeva,Veeva Vault / QMS,06 Evidence Item Detail,Route Screenshot,YELLOW,60,sterile_compounding_poc_evidence_checklist.csv,/sterile-compounding/nonprod-poc-plan/veeva,Screenshot,YES,Capture screenshot of the sterile planning route that supports the test.,"No production PHI/PII, secrets, tokens, credentials, or source-system admin screens.",2026-05-12 23:01:46 UTC,5bb05ffeabb8108171322642762bbe57f9cf052a8de48262ac13703563636294
ST-PACKET-98C91EC67CF2,veeva,Veeva Vault / QMS,06 Evidence Item Detail,CSV Export,YELLOW,60,sterile_compounding_poc_evidence_checklist.csv,/sterile-compounding/nonprod-poc-plan/veeva,CSV,YES,Export the relevant sterile register used by the test.,No uncontrolled export from enterprise source systems.,2026-05-12 23:01:46 UTC,1214eebd2b6f3647fb8b3b762523fae4f5a60c411fa07640cc4d5b095d095c63
ST-PACKET-13A11D68206E,veeva,Veeva Vault / QMS,06 Evidence Item Detail,Boundary Confirmation,YELLOW,60,sterile_compounding_poc_evidence_checklist.csv,/sterile-compounding/nonprod-poc-plan,Governance Note,YES,"Confirm that no API call, credential, production data, or writeback was used.",No real connector activation.,2026-05-12 23:01:46 UTC,bb3ba1a1bb55ec8b01a97f55562c70f7abc137691ef37b14b3215bab4d441464
ST-PACKET-F15046562B81,veeva,Veeva Vault / QMS,06 Evidence Item Detail,Evidence Package Summary,YELLOW,60,sterile_compounding_poc_evidence_checklist.csv,/sterile-compounding/poc-evidence-checklist,Checklist,YES,Confirm all required evidence items are present for this test case.,No evidence package built from production extracts unless separately approved.,2026-05-12 23:01:46 UTC,04ccbe82649bb19a84e2d0040a7440c91d92f837b0ad1fc6d91ca7c8606b658f
